threshold,overall_em,overall_f1,answerable_em,answerable_f1,unanswerable_accuracy,predicted_no_answer_rate,answerable_predicted_empty_rate,balanced_score,reader_priority_score
-11.79794,2.0,25.03934942669179,0.0,33.881396215723214,3.125,4.0,4.411764705882353,18.503198107861607,24.65447735100625
-11.021641,3.0,25.28934942669179,0.0,32.77845503925263,6.25,6.0,5.882352941176471,19.514227519626314,24.819918527476837
-10.0,4.0,26.28934942669179,0.0,32.77845503925263,9.375,7.0,5.882352941176471,21.076727519626314,25.757418527476837
-9.640834,4.0,26.220383909450405,0.0,32.67703516095648,9.375,8.0,7.352941176470588,21.02601758047824,25.686424612669533
-9.5,4.0,25.55371724278374,0.0,31.696643004093737,9.375,9.0,8.823529411764707,20.53582150204687,25.000150102865614
-9.255419,5.0,26.55371724278374,0.0,31.696643004093737,12.5,10.0,8.823529411764707,22.09832150204687,25.937650102865614
-9.019314,7.0,28.55371724278374,0.0,31.696643004093737,18.75,12.0,8.823529411764707,25.22332150204687,27.812650102865614
-9.0,7.0,28.55371724278374,0.0,31.696643004093737,18.75,12.0,8.823529411764707,25.22332150204687,27.812650102865614
-8.905841,7.0,28.238565727632228,0.0,31.233184893576805,18.75,14.0,11.764705882352942,24.991592446788403,27.48822942550376
-8.5,7.0,27.220708584775085,0.0,29.736336154081002,18.75,16.0,14.705882352941176,24.2431680770405,26.4404353078567
-8.333297,7.0,27.220708584775085,0.0,29.736336154081002,18.75,16.0,14.705882352941176,24.2431680770405,26.4404353078567
-8.0,7.0,27.220708584775085,0.0,29.736336154081002,18.75,16.0,14.705882352941176,24.2431680770405,26.4404353078567
-7.788391,7.0,26.554041918108414,0.0,28.755943997218257,18.75,18.0,17.647058823529413,23.752971998609127,25.75416079805278
-7.664648,8.0,26.98261334667984,0.0,27.91560786276447,21.875,20.0,19.11764705882353,24.895303931382237,26.103425503935128
-7.5,8.0,26.073522437588935,0.0,26.578709467042554,21.875,22.0,22.058823529411764,24.22685473352128,25.167596626929786
-7.448565,8.0,26.073522437588935,0.0,26.578709467042554,21.875,22.0,22.058823529411764,24.22685473352128,25.167596626929786
-7.128636,9.0,27.073522437588935,0.0,26.578709467042554,25.0,24.0,23.529411764705884,25.78935473352128,26.105096626929786
-7.0,9.0,27.073522437588935,0.0,26.578709467042554,25.0,24.0,23.529411764705884,25.78935473352128,26.105096626929786
-6.826293,9.0,25.740189104255602,0.0,24.617925153317056,25.0,26.0,26.470588235294116,24.80896257665853,24.732547607321937
-6.638721,9.0,25.073522437588935,0.0,23.63753299645432,25.0,28.0,29.41176470588235,24.31876649822716,24.04627309751802
-6.5,9.0,25.073522437588935,0.0,23.63753299645432,25.0,29.0,30.88235294117647,24.31876649822716,24.04627309751802
-6.203994,10.0,26.073522437588935,0.0,23.63753299645432,28.125,30.0,30.88235294117647,25.88126649822716,24.98377309751802
-6.034079,12.0,28.073522437588935,0.0,23.63753299645432,34.375,32.0,30.88235294117647,29.00626649822716,26.85877309751802
-6.0,12.0,28.073522437588935,0.0,23.63753299645432,34.375,32.0,30.88235294117647,29.00626649822716,26.85877309751802
-5.799896,13.0,29.073522437588935,0.0,23.63753299645432,37.5,34.0,32.35294117647059,30.56876649822716,27.79627309751802
-5.713598,13.0,28.240189104255602,0.0,22.412042800375882,37.5,35.0,33.8235294117647,29.956021400187943,26.938429960263115
-5.505909,13.0,27.470958335024832,0.0,21.280821080918866,37.5,37.0,36.76470588235294,29.390410540459435,26.146574756643204
-5.5,13.0,27.470958335024832,0.0,21.280821080918866,37.5,37.0,36.76470588235294,29.390410540459435,26.146574756643204
-5.308086,13.0,27.012625001691493,0.0,20.606801473075734,37.5,39.0,39.705882352941174,29.053400736537867,25.67476103115301
-5.002886,14.0,28.012625001691493,0.0,20.606801473075734,40.625,41.0,41.1764705882353,30.615900736537867,26.61226103115301
-5.0,14.0,28.012625001691493,0.0,20.606801473075734,40.625,41.0,41.1764705882353,30.615900736537867,26.61226103115301
-4.830231,15.0,28.095958335024832,0.0,19.258762257389456,43.75,43.0,42.64705882352941,31.504381128694728,26.606133580172617
-4.5,16.0,29.095958335024832,0.0,19.258762257389456,46.875,45.0,44.11764705882353,33.06688112869473,27.543633580172617
-4.485648,16.0,29.095958335024832,0.0,19.258762257389456,46.875,45.0,44.11764705882353,33.06688112869473,27.543633580172617
-4.404755,16.0,29.095958335024832,0.0,19.258762257389456,46.875,47.0,47.05882352941177,33.06688112869473,27.543633580172617
-4.242716,16.0,28.429291668358164,0.0,18.27837010052671,46.875,49.0,50.0,32.57668505026336,26.857359070368695
-4.0,16.0,28.429291668358164,0.0,18.27837010052671,46.875,50.0,51.470588235294116,32.57668505026336,26.857359070368695
-3.82534,16.0,28.429291668358164,0.0,18.27837010052671,46.875,51.0,52.94117647058823,32.57668505026336,26.857359070368695
-3.621996,18.0,30.429291668358164,0.0,18.27837010052671,53.125,53.0,52.94117647058823,35.70168505026336,28.732359070368695
-3.5,19.0,31.429291668358164,0.0,18.27837010052671,56.25,54.0,52.94117647058823,37.26418505026336,29.669859070368695
-3.353127,19.0,30.466328705395203,0.0,16.862248096169413,56.25,55.0,54.411764705882355,36.556124048084705,28.678573667318588
-3.132336,19.0,29.89490013396663,0.0,16.02191196171563,56.25,57.0,57.35294117647059,36.135955980857815,28.090338373200943
-3.0,19.0,29.89490013396663,0.0,16.02191196171563,56.25,57.0,57.35294117647059,36.135955980857815,28.090338373200943
-2.944866,19.0,29.22823346729996,0.0,15.041519804852888,56.25,59.0,60.294117647058826,35.64575990242644,27.40406386339702
-2.736002,20.0,30.22823346729996,0.0,15.041519804852888,59.375,61.0,61.76470588235294,37.20825990242644,28.34156386339702
-2.5,20.0,30.22823346729996,0.0,15.041519804852888,59.375,62.0,63.23529411764706,37.20825990242644,28.34156386339702
-2.178379,20.0,30.22823346729996,0.0,15.041519804852888,59.375,63.0,64.70588235294117,37.20825990242644,28.34156386339702
-2.0,20.0,29.561566800633294,0.0,14.061127647990144,59.375,64.0,66.17647058823529,36.718063823995074,27.655289353593098
-1.970431,20.0,29.27585251491901,0.0,13.640959580763251,59.375,65.0,67.6470588235294,36.507979790381626,27.361171706534275
-1.9,20.0,28.475852514919012,0.0,12.464488992527956,59.375,66.0,69.11764705882354,35.91974449626398,26.53764229476957
-1.827596,21.0,29.475852514919012,0.0,12.464488992527956,62.5,67.0,69.11764705882354,37.48224449626398,27.47514229476957
-1.8,21.0,29.475852514919012,0.0,12.464488992527956,62.5,67.0,69.11764705882354,37.48224449626398,27.47514229476957
-1.721535,21.0,28.867156862745095,0.0,11.56934832756632,62.5,68.0,70.58823529411765,37.03467416378316,26.848543829296425
-1.7,22.0,29.867156862745095,0.0,11.56934832756632,65.625,69.0,70.58823529411765,38.59717416378316,27.786043829296425
-1.6,23.0,30.867156862745095,0.0,11.56934832756632,68.75,70.0,70.58823529411765,40.15967416378316,28.723543829296425
-1.539503,23.0,30.867156862745095,0.0,11.56934832756632,68.75,70.0,70.58823529411765,40.15967416378316,28.723543829296425
-1.5,23.0,30.867156862745095,0.0,11.56934832756632,68.75,71.0,72.05882352941177,40.15967416378316,28.723543829296425
-1.4,23.0,30.033823529411766,0.0,10.34385813148789,68.75,72.0,73.52941176470588,39.546929065743946,27.86570069204152
-1.392778,23.0,30.033823529411766,0.0,10.34385813148789,68.75,72.0,73.52941176470588,39.546929065743946,27.86570069204152
-1.336015,24.0,30.367156862745095,0.0,9.363465974625145,71.875,74.0,75.0,40.61923298731257,28.116926182237602
-1.3,24.0,30.308333333333334,0.0,9.276960784313726,71.875,75.0,76.47058823529412,40.575980392156865,28.056372549019606
-1.2,25.0,31.308333333333334,0.0,9.276960784313726,75.0,76.0,76.47058823529412,42.138480392156865,28.993872549019606
-1.129715,25.0,31.308333333333334,0.0,9.276960784313726,75.0,76.0,76.47058823529412,42.138480392156865,28.993872549019606
-1.1,25.0,31.308333333333334,0.0,9.276960784313726,75.0,76.0,76.47058823529412,42.138480392156865,28.993872549019606
-1.0,26.0,32.30833333333333,0.0,9.276960784313726,78.125,77.0,76.47058823529412,43.700980392156865,29.931372549019606
-0.9,26.0,32.30833333333333,0.0,9.276960784313726,78.125,77.0,76.47058823529412,43.700980392156865,29.931372549019606
-0.8,26.0,32.30833333333333,0.0,9.276960784313726,78.125,78.0,77.94117647058823,43.700980392156865,29.931372549019606
-0.731814,26.0,32.30833333333333,0.0,9.276960784313726,78.125,78.0,77.94117647058823,43.700980392156865,29.931372549019606
-0.7,26.0,32.30833333333333,0.0,9.276960784313726,78.125,78.0,77.94117647058823,43.700980392156865,29.931372549019606
-0.6,27.0,33.30833333333333,0.0,9.276960784313726,81.25,80.0,79.41176470588235,45.263480392156865,30.868872549019606
-0.557894,27.0,33.30833333333333,0.0,9.276960784313726,81.25,80.0,79.41176470588235,45.263480392156865,30.868872549019606
-0.5,27.0,33.30833333333333,0.0,9.276960784313726,81.25,81.0,80.88235294117646,45.263480392156865,30.868872549019606
-0.483659,27.0,32.90833333333333,0.0,8.688725490196079,81.25,82.0,82.3529411764706,44.96936274509804,30.457107843137255
-0.4,27.0,32.90833333333333,0.0,8.688725490196079,81.25,83.0,83.82352941176471,44.96936274509804,30.457107843137255
-0.301905,28.0,33.90833333333333,0.0,8.688725490196079,84.375,84.0,83.82352941176471,46.53186274509804,31.394607843137255
-0.3,28.0,33.90833333333333,0.0,8.688725490196079,84.375,84.0,83.82352941176471,46.53186274509804,31.394607843137255
-0.2,29.0,34.90833333333333,0.0,8.688725490196079,87.5,85.0,83.82352941176471,48.09436274509804,32.33210784313725
-0.1,29.0,34.90833333333333,0.0,8.688725490196079,90.625,86.0,83.82352941176471,49.65686274509804,33.26960784313725
-0.083417,29.0,34.90833333333333,0.0,8.688725490196079,90.625,86.0,83.82352941176471,49.65686274509804,33.26960784313725
0.0,29.0,34.90833333333333,0.0,8.688725490196079,90.625,86.0,83.82352941176471,49.65686274509804,33.26960784313725
0.1,30.0,35.90833333333333,0.0,8.688725490196079,93.75,87.0,83.82352941176471,51.21936274509804,34.20710784313725
0.2,30.0,35.90833333333333,0.0,8.688725490196079,93.75,88.0,85.29411764705883,51.21936274509804,34.20710784313725
0.284227,30.0,35.90833333333333,0.0,8.688725490196079,93.75,88.0,85.29411764705883,51.21936274509804,34.20710784313725
0.3,30.0,35.90833333333333,0.0,8.688725490196079,93.75,88.0,85.29411764705883,51.21936274509804,34.20710784313725
0.4,30.0,35.90833333333333,0.0,8.688725490196079,93.75,88.0,85.29411764705883,51.21936274509804,34.20710784313725
0.5,30.0,35.90833333333333,0.0,8.688725490196079,93.75,88.0,85.29411764705883,51.21936274509804,34.20710784313725
0.579031,30.0,35.208333333333336,0.0,7.659313725490195,93.75,90.0,88.23529411764706,50.7046568627451,33.486519607843135
0.6,30.0,35.208333333333336,0.0,7.659313725490195,93.75,90.0,88.23529411764706,50.7046568627451,33.486519607843135
0.7,31.0,36.208333333333336,0.0,7.659313725490195,96.875,91.0,88.23529411764706,52.2671568627451,34.424019607843135
0.8,31.0,36.208333333333336,0.0,7.659313725490195,96.875,91.0,88.23529411764706,52.2671568627451,34.424019607843135
0.837285,31.0,35.375,0.0,6.4338235294117645,96.875,92.0,89.70588235294117,51.654411764705884,33.56617647058823
0.9,31.0,34.708333333333336,0.0,5.453431372549019,96.875,93.0,91.17647058823529,51.16421568627451,32.879901960784316
0.950533,31.0,34.208333333333336,0.0,4.7181372549019605,96.875,94.0,92.6470588235294,50.79656862745098,32.365196078431374
1.0,31.0,34.208333333333336,0.0,4.7181372549019605,96.875,94.0,92.6470588235294,50.79656862745098,32.365196078431374
1.1,31.0,34.208333333333336,0.0,4.7181372549019605,96.875,94.0,92.6470588235294,50.79656862745098,32.365196078431374
1.2,31.0,33.708333333333336,0.0,3.9828431372549016,96.875,95.0,94.11764705882354,50.42892156862745,31.850490196078432
1.3,31.0,33.708333333333336,0.0,3.9828431372549016,96.875,95.0,94.11764705882354,50.42892156862745,31.850490196078432
1.378725,31.0,33.041666666666664,0.0,3.002450980392157,96.875,96.0,95.58823529411765,49.93872549019608,31.16421568627451
1.4,31.0,33.041666666666664,0.0,3.002450980392157,96.875,96.0,95.58823529411765,49.93872549019608,31.16421568627451
1.489335,32.0,33.541666666666664,0.0,2.267156862745098,100.0,98.0,97.05882352941177,51.13357843137255,31.587009803921568
1.5,32.0,33.541666666666664,0.0,2.267156862745098,100.0,98.0,97.05882352941177,51.13357843137255,31.587009803921568
1.6,32.0,32.875,0.0,1.286764705882353,100.0,99.0,98.52941176470588,50.643382352941174,30.90073529411765
1.7,32.0,32.875,0.0,1.286764705882353,100.0,99.0,98.52941176470588,50.643382352941174,30.90073529411765
1.8,32.0,32.875,0.0,1.286764705882353,100.0,99.0,98.52941176470588,50.643382352941174,30.90073529411765
1.9,32.0,32.875,0.0,1.286764705882353,100.0,99.0,98.52941176470588,50.643382352941174,30.90073529411765
2.0,32.0,32.875,0.0,1.286764705882353,100.0,99.0,98.52941176470588,50.643382352941174,30.90073529411765
2.5,32.0,32.0,0.0,0.0,100.0,100.0,100.0,50.0,30.0
3.0,32.0,32.0,0.0,0.0,100.0,100.0,100.0,50.0,30.0
3.5,32.0,32.0,0.0,0.0,100.0,100.0,100.0,50.0,30.0
4.0,32.0,32.0,0.0,0.0,100.0,100.0,100.0,50.0,30.0
4.5,32.0,32.0,0.0,0.0,100.0,100.0,100.0,50.0,30.0
5.0,32.0,32.0,0.0,0.0,100.0,100.0,100.0,50.0,30.0
5.5,32.0,32.0,0.0,0.0,100.0,100.0,100.0,50.0,30.0
6.0,32.0,32.0,0.0,0.0,100.0,100.0,100.0,50.0,30.0
6.5,32.0,32.0,0.0,0.0,100.0,100.0,100.0,50.0,30.0
7.0,32.0,32.0,0.0,0.0,100.0,100.0,100.0,50.0,30.0
7.5,32.0,32.0,0.0,0.0,100.0,100.0,100.0,50.0,30.0
8.0,32.0,32.0,0.0,0.0,100.0,100.0,100.0,50.0,30.0
8.5,32.0,32.0,0.0,0.0,100.0,100.0,100.0,50.0,30.0
9.0,32.0,32.0,0.0,0.0,100.0,100.0,100.0,50.0,30.0
9.5,32.0,32.0,0.0,0.0,100.0,100.0,100.0,50.0,30.0
10.0,32.0,32.0,0.0,0.0,100.0,100.0,100.0,50.0,30.0
