split,id,reason,question,answer_text,answer_start
train,0001-0007-0003,TOKENIZER_BOUNDARY: no overflow feature decoded exactly to the annotated answer,Điều gì có thể đẩy Đảng vào trong tình thế nguy kịch?,nhân dân ta ngày càng giảm lòng tin vào Đảng,278
train,0002-0017-0002,TOKENIZER_BOUNDARY: no overflow feature decoded exactly to the annotated answer,Sss?,"ạo ra một phần lá mầm đơn độc của thân phôi, phần trục và rễ của",702
train,0002-0017-0003,TOKENIZER_BOUNDARY: no overflow feature decoded exactly to the annotated answer,Dd?,ố thự,944
train,0003-0004-0002,TOKENIZER_BOUNDARY: no overflow feature decoded exactly to the annotated answer,The schoolzone.co.uk Guide to Digital Resources là gì?,"là một tài liệu hướng dẫn đầy đủ về 500 sản phẩm được lựa chọn và giới thiệu, được phân lọai theo môn học của hệ thống các trường UK",590
train,0005-0026-0003,TOKENIZER_BOUNDARY: no overflow feature decoded exactly to the annotated answer,"Trên danh nghĩa, Edward đóng vai trò như thế nào đối với vua Pháp?",là chư hầu của vua Pháp,526
train,0005-0036-0001,TOKENIZER_BOUNDARY: no overflow feature decoded exactly to the annotated answer,Mục đích thứ hai của các cuộc điều tra là gì?,là để thiết lập lại những vùng đất và quyền lực của ngôi vua đã mất dươi thời Henry III,39
train,0005-0052-0001,TOKENIZER_BOUNDARY: no overflow feature decoded exactly to the annotated answer,"Vào thế kỷ XVII, luật sư Edward Coke đã gọi Edward là gì?","là the ""Justinian của Anh"", theo tên của nhà làm luật Đông La Mã nổi tiếng, Justinian I",397
train,0006-0016-0001,TOKENIZER_BOUNDARY: no overflow feature decoded exactly to the annotated answer,Nguyên nhân của việc Nhật Bản thường xuyên xảy ra thiên tai là gì?,"Vị trí nằm trên vành đai núi lửa Thái Bình Dương, nằm ở điểm nối của ba vùng kiến tạo địa chấ",0
train,0006-0022-0001,TOKENIZER_BOUNDARY: no overflow feature decoded exactly to the annotated answer,Những chính sách cải cách vấn đề gì đang được đốc thúc ở Nhật Bản?,"cơ cấu kinh tế, giảm thâm hụt ngân sách, cải cách khu vực tài chính và sắp xếp lại cơ cấu chính phủ,..",72
train,0006-0044-0001,TOKENIZER_BOUNDARY: no overflow feature decoded exactly to the annotated answer,Các tác phẩm văn học sớm nhất của Nhật Bản được sáng tác bằng lọai chữ nào?,Hán,168
train,0006-0048-0002,TOKENIZER_BOUNDARY: no overflow feature decoded exactly to the annotated answer,Từ năm 2000 thì số ngày nghỉ lể của Nhật Bản đã có sự thay đổi gì?,"ừ những năm 2000 Nhật Bãn đã thực hiện Happy Monday System, đưa một số ngày lễ rơi vào cuối tuần lên thứ hai để có một ngày nghỉ dài",220
train,0006-0049-0003,TOKENIZER_BOUNDARY: no overflow feature decoded exactly to the annotated answer,Tháng nào trong năm có nhiều ngày lễ nhất ở Nhật Bản?,5,241
train,0006-0050-0003,TOKENIZER_BOUNDARY: no overflow feature decoded exactly to the annotated answer,Có bao nhiêu quốc gia được xem là chủ nhà của World Cup 2002?,2,231
train,0007-0006-0001,TOKENIZER_BOUNDARY: no overflow feature decoded exactly to the annotated answer,Hành trình của Ferdinand Magellan vòng quanh thế giới đã được ủy quyền bởi ai?,hòang đế Charles V,143
train,0007-0007-0003,TOKENIZER_BOUNDARY: no overflow feature decoded exactly to the annotated answer,"Từ phim truyền hình Đường hầm thời gian và Challengers of the Unknown, hành viên của Dự án Tic Toc sử dụng biểu tượng đồng hồ cát đề làm gì?",iễn tả dịch chuyển thời gian hoặc thời gian trôi qua,958
train,0008-0004-0005,TOKENIZER_BOUNDARY: no overflow feature decoded exactly to the annotated answer,Einstein dùng tay trái hay tay phải để viết?,tay phải,412
train,0008-0019-0001,TOKENIZER_BOUNDARY: no overflow feature decoded exactly to the annotated answer,Bức thư được cho là có khả năng gì?,húc đẩy chính phủ Hoa Kỳ chấp nhận cho phép nghiên cứu vũ khí hạt nhân,34
train,0008-0023-0001,TOKENIZER_BOUNDARY: no overflow feature decoded exactly to the annotated answer,Các bài báo ban đầu của Einstein đều bắt nguồn từ đâu?,ự cố gắng chứng minh rằng nguyên tử tồn tại và có kích thước hữu hạn khác không,47
train,0008-0029-0003,TOKENIZER_BOUNDARY: no overflow feature decoded exactly to the annotated answer,"Trong bài báo về chuyển động Brown, Einstein chỉ ra tỉ số nghỉ động học đươc tính tóan từ cơ học cổ điển có thể được dùng như thế nào?",ỉ số nghỉ thống kê (statistical relaxation rates) để dẫn ra định luật khuếch tán động học,410
train,0008-0057-0002,TOKENIZER_BOUNDARY: no overflow feature decoded exactly to the annotated answer,Tôi không tin vào một Chúa nhân cách hóa và tôi không bao giờ phủ định điều này và tôi đã biểu thị điều đó một cách rõ ràng được ông viết vào năm nào?,ăm 1954,450
train,0009-0003-0004,TOKENIZER_BOUNDARY: no overflow feature decoded exactly to the annotated answer,Bộ phận nào phụ trách điều khiển hai camera trên hệ thống tàu?,hệ thống máy tính FDS,419
train,0010-0015-0001,TOKENIZER_BOUNDARY: no overflow feature decoded exactly to the annotated answer,Điều gì là bắt buộc đối với tất cả các thanh niên Đông Đức?,gia nhập NVA,36
train,0011-0008-0005,TOKENIZER_BOUNDARY: no overflow feature decoded exactly to the annotated answer,Marx đã có hành động gì với những người Hegel trẻ?,ánh giá lại mối quan hệ của mình,9
train,0011-0016-0002,TOKENIZER_BOUNDARY: no overflow feature decoded exactly to the annotated answer,Quan điểm của Hegel về lịch sử lòai người như thế nào?,ịch sử lòai người có đặc trưng bởi sự di chuyển từ sự tan rã tới tổng thể và thực tế,316
train,0011-0026-0003,TOKENIZER_BOUNDARY: no overflow feature decoded exactly to the annotated answer,Marx viết những nhận xét của mình về tầng lớp tư sản ở đâu?,"rong cuốn ""Phê phán cương lĩnh Gotha""",785
train,0014-0014-0002,TOKENIZER_BOUNDARY: no overflow feature decoded exactly to the annotated answer,Hãy nêu một số lọai xuất bản phẩm được lưu chiểu tại Thư viện Quốc gia Pháp?,"sách báo, tạp chí, bản đồ, tài liệu hình ảnh, âm thanh... tới các tập tin, huy hiệu..",132
train,0014-0025-0002,TOKENIZER_BOUNDARY: no overflow feature decoded exactly to the annotated answer,Hầu tước Paulmy là ai?,"một học giả, nhà ngọai giao danh tiếng, bộ trưởng của vua Louis XV",337
train,0015-0004-0003,TOKENIZER_BOUNDARY: no overflow feature decoded exactly to the annotated answer,Cường độ dòng điện dùng để điện phân đối với công nghệ Hall-Héroult hiện đại là bao nhiêu?,350.000 A,466
train,0017-0006-0001,TOKENIZER_BOUNDARY: no overflow feature decoded exactly to the annotated answer,Tại sao nói người Ê Đê có xu hướng thống nhất ý thức dân tộc?,"anh giới khác biệt giữa các nhóm địa phương tồn tại trước kia thì ngày nay đã hòan tòan bị xóa bỏ bằng việc thống nhất tôn giáo, ngôn ngữ và chữ viết và người Ê Đê tự gọi họ là Anak Đê đọc tránh từ Anak Aê-Diê, nghĩa là những đứa con của Yàng (Thần Linh)",240
train,0017-0007-0004,TOKENIZER_BOUNDARY: no overflow feature decoded exactly to the annotated answer,Chế độ luân khỏanh là gì?,là bên cạnh những khu đất đang canh tác còn có những khu đất để hoang để phục hồi sự màu mỡ,348
train,0017-0008-0003,TOKENIZER_BOUNDARY: no overflow feature decoded exactly to the annotated answer,Người phụ nữ dân tộc Ê Đê có trách nhiêm gì đối với gia đình?,"quản lý gia đình,chăm sóc con cái, mồ mả tổ tiên,của cải thừa kế cho con cái.",354
train,0017-0010-0005,TOKENIZER_BOUNDARY: no overflow feature decoded exactly to the annotated answer,Nửa Gah của nhà Ê Đê được sử dụng với mục đích gì?,"là nơi tiếp khách, sinh họat chung của cả nhà dài, bếp chủ, ghế khách, ghế chủ, ghế dài (Kpan) (tới 20 m), chiêng ché,..",1131
train,0017-0011-0001,TOKENIZER_BOUNDARY: no overflow feature decoded exactly to the annotated answer,Đạo Tin Lành được du nhập vào Việt Nam từ khi nào?,những năm đầu của thế kỷ XX,85
train,0017-0012-0003,ANSWER_LONGER_THAN_STRIDE: no overflow feature decoded exactly to the annotated answer,Người Ê Đê theo đạo Tin Lành phải tuân theo những điều cấm kị nào?,"Cấm hôn nhân ngọai giáo, không ăn thịt động vật chết hay thú vật cắn, không ăn thực phẩm liên quan cúng tế ngọai giáo, cấm thờ ảnh tượng,không ăn huyết động vật và những thức ăn chế biến từ huyết động vật, cấm dùng đồ uống có men như rượu, bia và thuốc lá, đưa tang ma vào lúc 9 giờ buổi sáng theo quan niệm phải mặt trời (ánh bình minh) chiếu xuống huyệt góc 60 độ về hướng Tây(?)..",506
train,0017-0016-0001,TOKENIZER_BOUNDARY: no overflow feature decoded exactly to the annotated answer,"Theo người Ê Đê, Drah Hjan có ý nghĩa gì?","là "" mưa máu "" là giọt mưa nước mắt bằng máu của tổ tiên (atau) khóc cho con chaú dưới trần gian",484
train,0018-0002-0004,TOKENIZER_BOUNDARY: no overflow feature decoded exactly to the annotated answer,Đế quốc của người Ottoman đạt được đỉnh cao vào thời gian nào?,thế kỷ XV-XVII,569
train,0018-0002-0010,TOKENIZER_BOUNDARY: no overflow feature decoded exactly to the annotated answer,Đỉnh cao phát triển của đế quốc của người Ottoman là vào giai đọan nào?,thế kỷ XV-XVII,569
train,0018-0008-0002,TOKENIZER_BOUNDARY: no overflow feature decoded exactly to the annotated answer,Triều đại hùng mạnh của Ottoman là triều đại nào?,triều đại của Suleiman I,88
train,0018-0018-0004,TOKENIZER_BOUNDARY: no overflow feature decoded exactly to the annotated answer,Hoa Kỳ đã giúp đỡ Thổ Nhĩ Kỳ trong những lĩnh vực nào?,"Thổ Nhĩ Kỳ nhận được hỗ trợ về chính trị, kinh tế và ngọai giao của Hoa Kỳ, bao gồm trong các vấn đề chủ chốt như Thổ Nhĩ Kỳ ứng cử gia nhập EU",307
train,0018-0038-0001,TOKENIZER_BOUNDARY: no overflow feature decoded exactly to the annotated answer,Khi nào thì quan niệm hội họa phương tây du nhập vào Thổ Nhĩ Kỳ?,từ giữa thế kỷ XIX,73
train,0019-0009-0003,TOKENIZER_BOUNDARY: no overflow feature decoded exactly to the annotated answer,Lưỡng cư đã có màng ối không?,không có màng ối,381
train,0019-0014-0001,TOKENIZER_BOUNDARY: no overflow feature decoded exactly to the annotated answer,Lưỡng cư có phải động vật hằng nhiệt hay không?,không,69
train,0020-0005-0002,TOKENIZER_BOUNDARY: no overflow feature decoded exactly to the annotated answer,Bồ Đào Nha đã dùng tội danh gì gán cho Hội dòng Je-su?,mưu sát vua José I,202
train,0021-0025-0005,TOKENIZER_BOUNDARY: no overflow feature decoded exactly to the annotated answer,Vì sao có sự khác biệt giữa các nền văn minh?,vì chúng hầu như có nguồn gốc độc lập,391
train,0022-0002-0005,TOKENIZER_BOUNDARY: no overflow feature decoded exactly to the annotated answer,"Trong quãng thời gian ở Rome,những Bramante, Bernini và Raphael đã có những đóng góp gì cho nền văn hóa và sự phát triển của Roma?",ã góp phần cho nền kiến trúc Phục hưng và Baroque,515
train,0022-0011-0005,TOKENIZER_BOUNDARY: no overflow feature decoded exactly to the annotated answer,Việc suy giảm dân số tại Roma đã tác động như thế nào đến quy mô thành phố?,àm giảm quy mô thành phố còn một nhóm các tòa nhà có người ở nằm rải rác trên một khu vực lớn các tàn tích và vườn tược,660
train,0022-0013-0003,TOKENIZER_BOUNDARY: no overflow feature decoded exactly to the annotated answer,"Trong khỏang thời gian Roma lâm vào tình trạng vô chính chủ phong kiến, thành phố đã có những thay đổi như thế nào ở giai cấp thống trị?","Theodora và con gái bà là Marozia trở thành thiếp và mẹ của một số giáo hòang, và của lãnh chúa phong kiến quyền lực Crescentius, là người đấu tranh chống các hòang đế Otto II và Otto III",373
train,0022-0020-0003,TOKENIZER_BOUNDARY: no overflow feature decoded exactly to the annotated answer,Tại sao Lãnh thổ Giáo hòang tại Roma lại được Pháp bảo trợ?,nhờ vào chính sách đối ngọai của Napoléon III,320
train,0022-0023-0002,TOKENIZER_BOUNDARY: no overflow feature decoded exactly to the annotated answer,Tại sao lại chia thành phố thành các municipi?,ể tăng cường phi tập trung hóa tại thành phố,181
train,0022-0043-0002,TOKENIZER_BOUNDARY: no overflow feature decoded exactly to the annotated answer,Một trong những tác phẩm kiến trúc biểu tượng của trường phái tân cổ điển La Mã là nơi nào?,à đài tưởng niệm liệt sĩ Vittorio Emanuele II,434
train,0022-0047-0001,TOKENIZER_BOUNDARY: no overflow feature decoded exactly to the annotated answer,Những pho tượng cổ của Roma đã có những vai trò gì đối với đời sống?,"rở thành phương tiện truyền tải những lời diễn thuyết về các thảo luận chính trị và xã hội, là nơi để mọi người cất lên tiếng nói về quan điểm của họ (thông thường là châm biếm trào phúng)",134
train,0022-0065-0004,ANSWER_LONGER_THAN_STRIDE: no overflow feature decoded exactly to the annotated answer,Một số món ăn nổi tiếng của Roma là những món nào?,"""Saltimbocca alla Romana"" – cốt lết bê theo phong cách La Mã; đứng đầu với giăm bông tươi, cây xô thơm, ninh với rượu vang trắng và bơ; ""Carciofi alla giudia"" – atisô chiên trong dầu ô liu, món điển hình của người Do Thái La Mã; ""Carciofi alla Romana"" – atisô phong cách La Mã, lớp lá bên ngòai được tách bỏ, nhồi với bạc hà, tỏi, vụn bánh mì sau đó đem om; ""Spaghetti alla Carbonara""–spaghetti với thịt xông khói, trứng và pecorino; ""Gnocchi di semolino alla Romana""–bánh bao semolina theo phong cách La Mã",1327
train,0022-0073-0002,TOKENIZER_BOUNDARY: no overflow feature decoded exactly to the annotated answer,Ai đảm bảo điều hành mạng lưới xe búyt và xe điện?,do Trambus S. p. A. điều hành dưới sự bảo trợ của ATAC S. p. A,157
train,0027-0035-0002,TOKENIZER_BOUNDARY: no overflow feature decoded exactly to the annotated answer,Nguồn nước ở thành phố luôn trong tình trạng ô nhiễm nặng là từ nguyên nhân gì?,nước thải không được xử lý đổ thẳng vào hệ thống sông ngò,279
train,0027-0042-0001,TOKENIZER_BOUNDARY: no overflow feature decoded exactly to the annotated answer,Sự đổi mới về thương mại ở thành phố Hồ Chí Minh như thế nào?,"Những thập niên gần đây, nhiều trung tâm thương mại hiện đại xuất hiện như Saigon Trade Centre, Diamond Plaza.",783
train,0027-0048-0002,TOKENIZER_BOUNDARY: no overflow feature decoded exactly to the annotated answer,Những vấn đề nào ở thành phố gây ảnh hưởng xấu đến sức khỏe người dân?,"Các tệ nạn xã hội, như mại dâm, ma túy, tình trạng ô nhiễm môi trường..",161
train,0027-0048-0004,TOKENIZER_BOUNDARY: no overflow feature decoded exactly to the annotated answer,Những căn bệnh phổ biến thường gặp phải ở thành phố Hồ Chí Minh?,"Những bệnh truyền nhiễm phổ biến ở các nước đang phát triển như sốt rét, sốt xuất huyết, tả, thương hàn... hay các bệnh của những quốc gia công nghiệp phát triển, như tim mạch, tăng huyết áp, ung thư, tâm thần, bệnh nghề nghiệp..",283
train,0028-0008-0004,TOKENIZER_BOUNDARY: no overflow feature decoded exactly to the annotated answer,Chất thải của kiến có tác dụng gì cho cây?,cấp một lượng phân bón hữu cơ,531
train,0030-0002-0004,TOKENIZER_BOUNDARY: no overflow feature decoded exactly to the annotated answer,Phiên bản nào sẽ thực hiện những thay đổi về sự điều chỉnh Giấy phép Tài liệu Tự do GNU?,Phiên bản 1.3 của GFDL,477
train,0030-0006-0003,TOKENIZER_BOUNDARY: no overflow feature decoded exactly to the annotated answer,Những lập trình viên Debian đề xuất thay thế giấy phép Tài liệu Tự do GNU bằng những tài liệu nào khác?,"các giấy phép Creative Commons chia sẻ tương tự, Giấy phép Tài liệu BSD, hay thậm chí là sử dụng GNU GPL",333
train,0032-0011-0003,TOKENIZER_BOUNDARY: no overflow feature decoded exactly to the annotated answer,Thời kỳ Nam Bắc triều của Trung Quốc thì khu vực phía Bắc được sự cai quản của triều nào?,Bắc Ngụy,760
train,0032-0019-0003,TOKENIZER_BOUNDARY: no overflow feature decoded exactly to the annotated answer,Đại chiến Trung Nguyên đã có sự thắng lợi thuộc về ai?,Tưởng Giới Thạch,1106
train,0032-0027-0002,TOKENIZER_BOUNDARY: no overflow feature decoded exactly to the annotated answer,Nhiệt độ trung bình tháng 7 tại Hà Nam là bao nhiêu?,24 °C-29 °C,400
train,0032-0037-0003,TOKENIZER_BOUNDARY: no overflow feature decoded exactly to the annotated answer,Tổng GDP của khu vực ba tại Hà Nam đã giá trị bao nhiêu theo số liệu năm 2011?,"783,259 tỉ NDT",919
train,0035-0003-0003,TOKENIZER_BOUNDARY: no overflow feature decoded exactly to the annotated answer,Ai là người đầu tiên đảm nhiệm chức vụ viện trưởng của Viện Đại học Chicago?,William Rainey Harpe,482
train,0038-0004-0003,TOKENIZER_BOUNDARY: no overflow feature decoded exactly to the annotated answer,Người cổ đại đã chế tác đồ vật làm từ antimon theo cách nào?,làm cho antimon thành dễ uốn,743
train,0038-0006-0002,TOKENIZER_BOUNDARY: no overflow feature decoded exactly to the annotated answer,"Theo lịch sử tuyền thống của giả kim thuật Trung Đông, Geber đã nghiên cứu về antimon từ khi nào?",từ thế kỷ VIII,147
train,0039-0016-0002,TOKENIZER_BOUNDARY: no overflow feature decoded exactly to the annotated answer,Nguyên nhân chủ quan của việc đào thóat thất bại là gì?,tính thiếu quyết đóan,167
train,0042-0050-0004,TOKENIZER_BOUNDARY: no overflow feature decoded exactly to the annotated answer,Những người phản đối Giáo hòang đã cho rằng quan điểm của Giáo hòang sẽ gây ra điều gì?,cái chết cho hàng triệu người và khiến hàng triệu người mồ côi vì bệnh AIDS,416
train,0044-0017-0005,TOKENIZER_BOUNDARY: no overflow feature decoded exactly to the annotated answer,Ngôi sao sử dụng khí heli làm nhiên liệu và có tuổi thọ ngắn được gọi là sao gì?,sao đỏ,457
train,0045-0004-0001,TOKENIZER_BOUNDARY: no overflow feature decoded exactly to the annotated answer,Nền văn minh Thamud xuất hiện ở Hejaz từ khi nào?,thiên niên kỷ thứ nhất TCN,49
train,0045-0035-0005,TOKENIZER_BOUNDARY: no overflow feature decoded exactly to the annotated answer,Đỉnh núi cao nhất Ả Rập Xê Út có độ cao lên đến khỏang bao nhiêu km?,3,762
train,0045-0036-0003,TOKENIZER_BOUNDARY: no overflow feature decoded exactly to the annotated answer,Nhiệt độ cao nhất đo được tại Ả Rập Xê Út là bao nhiêu?,54 °C,191
train,0046-0001-0004,TOKENIZER_BOUNDARY: no overflow feature decoded exactly to the annotated answer,Vào thời gian nào thì tiếng Anh lan rộng ra khắp tòan thế giới?,từ thế kỷ XVII đến giữa thế kỷ XX,621
train,0047-0007-0005,TOKENIZER_BOUNDARY: no overflow feature decoded exactly to the annotated answer,"Việc phân biệt rõ các dạng so sánh hơn và so sánh nhất không phổ biến trong nhiều ngôn ngữ, điều gì chứng minh điều đó?",nhiều ngôn ngữ khác không phân biệt rõ các dạng so sánh hơn và so sánh nhấ,624
train,0048-0008-0004,TOKENIZER_BOUNDARY: no overflow feature decoded exactly to the annotated answer,"Mặc dù chi phí phần cứng tăng lên nhưng có một số hệ thống nhúng tăng trưởng rất mạnh, đó là những hệ thống nhúng nào?",trong các thiết bị nhúng mạnh như Wireless router hoặc hệ thống định vị GPS,547
train,0049-0004-0002,TOKENIZER_BOUNDARY: no overflow feature decoded exactly to the annotated answer,Niên đại của người đứng thẳng tại Bắc Kinh là bao nhiêu?,từ 230.000 đến 250.000 năm trước,293
train,0049-0008-0002,TOKENIZER_BOUNDARY: no overflow feature decoded exactly to the annotated answer,Bắc Kinh từng đứng vị trí đầu bảng trong danh sách các thành phố lớn nhất trên thế giới trong khỏang thời gian nào?,"các thế kỷ XV, XVI, XVII, và XVIII",287
train,0049-0021-0002,TOKENIZER_BOUNDARY: no overflow feature decoded exactly to the annotated answer,Từ thế kỷ nào thì đã có cầu Ngọc Đới?,thế kỷ XVIII,346
train,0050-0012-0003,TOKENIZER_BOUNDARY: no overflow feature decoded exactly to the annotated answer,Những hòn đảo nào là các đỉnh núi của những dãy núi ngầm dưới biển?,"hòn Tre, hòn Miếu, hòn Mun..",551
train,0050-0021-0003,TOKENIZER_BOUNDARY: no overflow feature decoded exactly to the annotated answer,Du khách khi đến với Khánh Hòa sẽ có các hình thức du lịch nào?,"du lịch sinh thái biển đảo, du lịch tham quan - vãn cảnh, du lịch văn hóa..",537
train,0050-0022-0001,TOKENIZER_BOUNDARY: no overflow feature decoded exactly to the annotated answer,Các ngành công nghiệp truyền thống phát triển tại Khánh Hòa là những ngành nào?,"công nghiệp đóng tàu, chế biến thủy hải sản, vật liệu xây dựng, may mặc..",167
train,0050-0025-0005,TOKENIZER_BOUNDARY: no overflow feature decoded exactly to the annotated answer,Cam Ranh là nơi tập trung cao của tôn giáo nào?,đạo Cao Đài,461
train,0050-0027-0003,TOKENIZER_BOUNDARY: no overflow feature decoded exactly to the annotated answer,Tỉnh Khánh Hòa có các công trình nghiên cứu tiêu biểu nào?,"việc bảo tồn và phát triển trầm hương, kỳ nam, duy trì và nuôi dưỡng chim yến, nghiên cứu các hình thức nuôi trồng thủy sản trên biển,..",496
train,0050-0031-0001,TOKENIZER_BOUNDARY: no overflow feature decoded exactly to the annotated answer,Những món ăn đặc sản nổi tiếng tại Khánh Hòa là gì?,"nem Ninh Hòa, bún cá Nha Trang, bún sứa, bánh ướt Diên Khánh..",60
train,0050-0031-0003,TOKENIZER_BOUNDARY: no overflow feature decoded exactly to the annotated answer,Những món ăn tiêu biểu của nền ẩm thực Nha Trang là gì?,"phở Nha Trang, bánh mì Nha Trang, bò nướng Lạc Cảnh..",486
train,0051-0005-0004,TOKENIZER_BOUNDARY: no overflow feature decoded exactly to the annotated answer,Hồi giáo bắt đầu du nhập vào Malaysia vào khỏang thời gian nào?,Hồi giáo bắt đầu truyền bá trong cộng đồng người Mã Lai vào thế kỷ XIV,855
train,0051-0015-0002,TOKENIZER_BOUNDARY: no overflow feature decoded exactly to the annotated answer,"Malaysia từng giữ những vị trí quan trọng nào tại các tổ chức, diễn đàn trên thế giới?","Malaysia từng giữ chức chủ tịch ASEAN, OIC, và NAM",263
train,0051-0020-0004,TOKENIZER_BOUNDARY: no overflow feature decoded exactly to the annotated answer,Vườn quốc Kinabalu được thế giới công nhận như thế nào?,một di sản thế giới của UNESCO,370
train,0051-0043-0002,TOKENIZER_BOUNDARY: no overflow feature decoded exactly to the annotated answer,Trống và các nhạc cụ gõ truyền thống được làm chủ yếu bằng chất liệu gì?,thường được làm từ các vật liệu tự nhiên,310
train,0053-0028-0002,TOKENIZER_BOUNDARY: no overflow feature decoded exactly to the annotated answer,Jackson đã có yêu cầu gì khi Bill Clinton lên làm tổng thống?,công khai yêu cầu chính quyền Clinton tại Gala nhậm chức của Bill Clinton chu cấp thêm tiền cho những tổ chức từ thiện và nghiên cứu HIV/AIDS,103
train,0053-0032-0002,TOKENIZER_BOUNDARY: no overflow feature decoded exactly to the annotated answer,Jackson và Lisa bắt đầu tìm hiểu nhau vào lúc nào?,tháng 11 năm 1992 tại L.A,331
train,0053-0037-0001,TOKENIZER_BOUNDARY: no overflow feature decoded exactly to the annotated answer,HIStory World Tour mang về cho Jackson khỏan thu bao nhiêu?,65 triệu đô-la Mỹ,114
train,0053-0038-0003,TOKENIZER_BOUNDARY: no overflow feature decoded exactly to the annotated answer,Tiền kiếm được từ Michael Jackson & Friends dùng cho việc gì?,"quyên góp cho Qũy Nelson Mandela cho trẻ em, các Hội Chữ thập đỏ và UNESCO",1087
train,0053-0045-0001,TOKENIZER_BOUNDARY: no overflow feature decoded exactly to the annotated answer,Vì sao Jackson hợp tác với Colony Capital LLC?,Fortress chọn bán đi số nợ của Jackson cho Colony Capital LLC,158
train,0053-0047-0001,TOKENIZER_BOUNDARY: no overflow feature decoded exactly to the annotated answer,Tình trạng sức khỏe của Jackson như thế nào trước khi mất?,bệnh viêm thanh quản,135
train,0054-0006-0005,TOKENIZER_BOUNDARY: no overflow feature decoded exactly to the annotated answer,"Các cuộc thảm sát, tàn sát, hồi sinh đã ảnh hưởng đến trung tâm dân cự tập trung nhiều người Do Thái tòan thế giới vào thời gian nào?",cuối thế kỷ XX,536
train,0054-0025-0002,TOKENIZER_BOUNDARY: no overflow feature decoded exactly to the annotated answer,Khởi nghĩa Maqabim thành công trước sự lãnh đạo bởi những ai?,u sỹ Mattathias cùng với 5 người con trai của ông,174
train,0054-0030-0004,TOKENIZER_BOUNDARY: no overflow feature decoded exactly to the annotated answer,Bao nhiêu bộ lạc được mô tả là con cháu hậu duệ thuộc dòng dõi của từng người con trai Jacob?,Mười ha,288
train,0054-0036-0003,TOKENIZER_BOUNDARY: no overflow feature decoded exactly to the annotated answer,Mellahs bắt đầu từ thế kỷ bao nhiêu?,thế kỷ XV và đặc biệt vào đầu thế kỷ XIX,304
train,0054-0041-0004,TOKENIZER_BOUNDARY: no overflow feature decoded exactly to the annotated answer,Người Sephardi Do Thái sống ở Bán đảo Iberia vào thời gian nào?,cuối thế kỷ XV,232
train,0054-0042-0004,TOKENIZER_BOUNDARY: no overflow feature decoded exactly to the annotated answer,Lãnh sự quán Tây Ban Nha Ángel Sanz Briz đã cứu sống được 5200 mạng người Do Thái ở Hungay bằng cách nào?,àm giấy tờ giả cho những người Do Thái Hungary,664
train,0054-0054-0004,TOKENIZER_BOUNDARY: no overflow feature decoded exactly to the annotated answer,Những nơi nào trong suốt chiều dài lịch sử có sự khác biệt đa văn hóa chủng tộc?,hế giới Hy Lạp cổ đại ở Châu Âu trước và sau Thời kỳ Khai sáng ở đế chế Hồi giáo Tây Ban Nha và Bồ đào nha Al-Andalus ở Bắc Phi và Trung Đông ở Ấn Độ ở Trung Hoa hay ngay cả thời kỳ hiện đại ở nước Mỹ và nước Do Thái Israe,709
train,0055-0001-0001,TOKENIZER_BOUNDARY: no overflow feature decoded exactly to the annotated answer,Vị vua nào đã trị vì nước Pháp trong khỏang thời gian dài nhất?,Louis XIV,119
train,0055-0009-0003,TOKENIZER_BOUNDARY: no overflow feature decoded exactly to the annotated answer,Ba vị vua cuối cùng thống trị vương quốc Pháp là ai?,"Louis XVI, Louis XVIII, và Charles X",752
train,0055-0052-0003,TOKENIZER_BOUNDARY: no overflow feature decoded exactly to the annotated answer,Vì sao trong đám tang của Madame de Pompadour mà nhà vua lại không thể có mặt?,vì đẳng cấp của hai người chênh lệch,197
train,0055-0075-0001,TOKENIZER_BOUNDARY: no overflow feature decoded exactly to the annotated answer,Vì sao lúc đầu Encylopedie vẫn được thông qua và cho lưu hành rộng rãi?,vì các nhà kiểm sóat cho nó hòan tòan chỉ là tập hợp các bài báo khoa học,123
train,0056-0012-0001,TOKENIZER_BOUNDARY: no overflow feature decoded exactly to the annotated answer,Ukraina tham gia vào cuộc công nghiệp hóa Liên xô khi nào?,từ cuối thập niên 1920,8
train,0056-0022-0001,TOKENIZER_BOUNDARY: no overflow feature decoded exactly to the annotated answer,Phong trào Euromaidan có mục đích gì?,êu gọi Tổng thống Ukraina Viktor Yanukovych và chính phủ của thủ tướng Azarov từ chức,56
train,0056-0038-0005,TOKENIZER_BOUNDARY: no overflow feature decoded exactly to the annotated answer,"Từ năm 2016, nguồn cung cấp dầu khí đến từ đâu?",từ các nước EU,488
train,0056-0049-0003,TOKENIZER_BOUNDARY: no overflow feature decoded exactly to the annotated answer,Bước mới của Ukraina trong thể thao thế giới là gì?,ham gia đăng cai tổ chức Olympic Mùa đông năm 2018,447
train,0056-0055-0003,TOKENIZER_BOUNDARY: no overflow feature decoded exactly to the annotated answer,Vận tải đường sắt tại Ukraina có vai trò gì?,"óng vai trò quan trọng kết nối mọi vùng đô thị, cơ sở hải cảng và trung tâm công nghiệp quan trọng với các quốc gia láng giềng",296
train,0057-0002-0001,TOKENIZER_BOUNDARY: no overflow feature decoded exactly to the annotated answer,Bồ Đào Nha thành lập một đế quốc tòan cầu bao gồm thuộc địa của những châu lục nào thông qua thám hiểm hàng hải trong suốt thế kỷ XV và XVI?,"hâu Phi, châu Á và Nam Mỹ",125
train,0057-0002-0002,TOKENIZER_BOUNDARY: no overflow feature decoded exactly to the annotated answer,Bồ Đào Nha nhận kết quả như thế nào sau khi thành lập một đế quốc tòan cầu?,"rở thành một trong những nền kinh tế, chính trị và quân sự mạnh nhất thế giới",153
train,0057-0002-0003,TOKENIZER_BOUNDARY: no overflow feature decoded exactly to the annotated answer,"Năm 1580, Liên minh Iberia gồm những nước nào?",Bồ Đào Nha liên minh với Tây Ban Nha,242
train,0057-0003-0007,TOKENIZER_BOUNDARY: no overflow feature decoded exactly to the annotated answer,Đơn vị thuộc địa nào lớn nhất tại Nam Mỹ của Bồ Đào Nha?,Brasi,121
train,0057-0004-0003,TOKENIZER_BOUNDARY: no overflow feature decoded exactly to the annotated answer,Bồ Đào Nha là thành viên của những tổ chức quốc tế nào trên tòan cầu?,"Liên Hiệp Quốc, Liên minh châu Âu, Khu vực đồng euro, và OECD",423
train,0057-0014-0003,TOKENIZER_BOUNDARY: no overflow feature decoded exactly to the annotated answer,Dân chúng Bá quốc Bồ Đào Nha với tư cách là người Galicia đã tự mình đấu tranh nhằm mục đích gì?,uy trì quyền tự trị của Galicia,478
train,0057-0023-0005,TOKENIZER_BOUNDARY: no overflow feature decoded exactly to the annotated answer,Sự suy thóai của Bồ Đào Nha khi bị Napoleon chiến đóng kéo dài đến thế kỉ thứ mấy?,thế kỷ XX,761
train,0057-0024-0002,TOKENIZER_BOUNDARY: no overflow feature decoded exactly to the annotated answer,"Trrong gia đọan mất mát lãnh thổ, Bồ Đào Nha đã tập trung vào làm những việc gì?",bành trướng các tiền đồn của họ tại châu Phi,208
train,0057-0025-0001,TOKENIZER_BOUNDARY: no overflow feature decoded exactly to the annotated answer,Nguyên nhân dẫn đến cuộc chiến tranh thực dân Bồ Đào Nha kéo dài 13 năm là gì?,ùng phát các phong trào độc lập tại các tỉnh hải ngọai Angola và Mozambique,32
train,0057-0027-0005,TOKENIZER_BOUNDARY: no overflow feature decoded exactly to the annotated answer,Trước tình hình kinh tế Bồ Đào Nha xấu đi buộc chính phủ phải làm gì?,heo đuổi các chương trình ổn định do IMF giám sát vào năm 1977–78 và 1983–85,481
train,0057-0038-0002,TOKENIZER_BOUNDARY: no overflow feature decoded exactly to the annotated answer,Ở Gerês có những lọai rừng nào?,ừng lá rụng và lá kim,143
train,0057-0046-0004,TOKENIZER_BOUNDARY: no overflow feature decoded exactly to the annotated answer,Mục địch nào mà Bồ Đào Nha sáng lập ra Cộng đồng các quốc gia nói tiếng Bồ Đào Nha?,thúc đẩy liên kết kinh tế và văn hóa mật thiết hơn giữa các quốc gia nói tiếng Bồ Đào Nha trên thế giớ,355
train,0057-0050-0003,TOKENIZER_BOUNDARY: no overflow feature decoded exactly to the annotated answer,GDP PPP bình quân đầu người cảu Bồ Đào Nha đạt bao nhiêu vào cuối năm 2016?,hơn 30 nghìn USD,224
train,0057-0066-0004,TOKENIZER_BOUNDARY: no overflow feature decoded exactly to the annotated answer,Có bao nhiêu người Bồ Đào Nha trở về Bồ Đào Nha khi thuộc đại thuộc địa tại châu Phi được độc lập?,800 nghìn ngườ,573
train,0057-0079-0004,TOKENIZER_BOUNDARY: no overflow feature decoded exactly to the annotated answer,Những lọai thịt nào được dùng để làm các món thịt ở Bồ Đào Nha?,"hịt bò, thịt lợn, thịt cừu và thịt gà",324
train,0057-0081-0002,TOKENIZER_BOUNDARY: no overflow feature decoded exactly to the annotated answer,Vị thần nào được liên tưởng khi nhắc đến Bồ Đào Nha?,thần rượu nho Bacchu,91
train,0057-0086-0005,TOKENIZER_BOUNDARY: no overflow feature decoded exactly to the annotated answer,Những huấn luyện viên nào nổi tiếng nhất nền bóng đá Bồ Đào Nha?,osé Mourinho và Fernando Santos,473
train,0058-0004-0002,TOKENIZER_BOUNDARY: no overflow feature decoded exactly to the annotated answer,Nguyên liệu chủ yếu cho các món ăn ẩm thực miền Bắc là?,"chủ yếu sử dụng nước mắm lõang, mắm tôm. Sử dụng nhiều món rau và các lọai thủy sản nước ngọt dễ kiếm như tôm, cua, cá, trai, hến.",114
train,0058-0005-0002,TOKENIZER_BOUNDARY: no overflow feature decoded exactly to the annotated answer,Các lọai mắm đặc trưng của niềm Nam?,"như mắm cá sặc, mắm bò hóc, mắm ba khía.",273
train,0058-0005-0004,TOKENIZER_BOUNDARY: no overflow feature decoded exactly to the annotated answer,Các món ăn đặc sản chỉ có ở miền Nam là gì?,"chuột đồng khìa nước dừa, dơi quạ hấp chao, rắn hổ đất nấu cháo đậu xanh, đuông dừa, đuông đất hoặc đuông chà là, vọp chong, cá lóc nướng trui.",543
train,0058-0012-0005,TOKENIZER_BOUNDARY: no overflow feature decoded exactly to the annotated answer,Nêu tên một số lọai cháo phổ biến ở Việt Nam?,"cháo trắng, cháo rau, cháo lươn, cháo sườn, cháo huyết, cháo tim gan (lợn), cháo gà, cháo cá ám, cháo vịt, cháo trai, cháo ếch, cháo sườn, cháo chân giò..",569
train,0058-0018-0005,TOKENIZER_BOUNDARY: no overflow feature decoded exactly to the annotated answer,Vì sao chúng ta nên hạn chế ăn tiết canh?,"vì có thể truyền nhiều thứ bệnh và ký sinh trùng như dịch tả, giun, sán, bệnh dại,..",430
train,0058-0021-0003,TOKENIZER_BOUNDARY: no overflow feature decoded exactly to the annotated answer,Các dòng rượu ngon nổi tiếng ở từng địa phương?,"Rượu làng Vân (ở Bắc Ninh, còn gọi là ""Vân hương mĩ tửu""), rượu Kim Sơn ở Ninh Bình, rượu Bầu Đá (Bình Định), Rượu Mẫu Sơn (Lạng Sơn), Rượu San Lùng, Rượu Thanh Kim làm từ mầm thóc nếp (Lào Cai), Rượu ngô Bắc Hà, Rượu Xuân Đài, Rượu Xuân Thạch (Trà Vinh), Rượu Hồng Đào (Quảng Nam), Rượu Gò Đen (Long An),..",385
train,0062-0014-0001,TOKENIZER_BOUNDARY: no overflow feature decoded exactly to the annotated answer,Tháng 10 năm 1389 xảy ra sự kiện gì?,"Chế Bồng Nga lại đánh lên Thanh Hóa, tiến vào hương Cổ V",19
train,0062-0016-0001,TOKENIZER_BOUNDARY: no overflow feature decoded exactly to the annotated answer,Vì sao Qúy Lý sai Đỗ Tỉnh đi đo đạc đất?,muốn di chuyển kinh đô về Thanh Hóa,93
train,0063-0049-0001,TOKENIZER_BOUNDARY: no overflow feature decoded exactly to the annotated answer,Tên của Washington đã được vinh danh như thế nào tại Hoa Kỳ?,"Tên Washington trở thành tên của thủ đô quốc gia, Washington, D.C",73
train,0063-0057-0001,TOKENIZER_BOUNDARY: no overflow feature decoded exactly to the annotated answer,"Theo Michael Novak và Jana Novak, việc Washington chủ ý trong việc duy trì sự mơ hồ liên quan đến nhận thức tôn giáo sâu thẳm của ông với mục đích gì?","để cho mọi người Mỹ, cả thời đó và mãi sau này, có thể cảm thấy tự ý để tiếp cận ông bằng cách riêng của mình, cũng như có thể cảm thấy mình là thành viên đầy đủ của một nền cộng hòa mới, bình đẳng với mọi người khá",185
train,0065-0001-0004,TOKENIZER_BOUNDARY: no overflow feature decoded exactly to the annotated answer,Sự hưng thịnh về văn hóa của nhà Trần là nhờ công đóng góp của những nhân vật nổi tiếng nào?,"Đòan Nhữ Hài, Mạc Đĩnh Chi, Nguyễn Hiền, Nguyễn Trung Ngạn, Trương Hán Siêu, Chu Văn An, Trần Quang Triều,..",1103
train,0065-0015-0004,TOKENIZER_BOUNDARY: no overflow feature decoded exactly to the annotated answer,Ngòai những nhân vật thuộc thế hệ thứ hai thì nhà Trần còn có các tên tuổi lớn trong lịch sử Việt Nam nào khác?,"Trần Thủ Độ, Trần Khánh Dư, Trần Quốc Tỏan..",570
train,0066-0001-0001,TOKENIZER_BOUNDARY: no overflow feature decoded exactly to the annotated answer,Việc đầu tiên mà một nhà sản xuất phim sẽ thực hiện là gì?,"ìm kiếm các cốt truyện thích hợp từ tiểu thuyết, những vở kịch, các bộ phim khác hoặc đơn giản là những ý tưởng gốc có tính khả thi cao",112
train,0066-0006-0001,TOKENIZER_BOUNDARY: no overflow feature decoded exactly to the annotated answer,Phim sẽ được phát hành dưới những hình thức nào?,"dưới dạng các cuộn phim cho rạp chiếu, sau đó sẽ là DVD, VCD hoặc trước đây là băng từ VHS",81
train,0067-0001-0003,TOKENIZER_BOUNDARY: no overflow feature decoded exactly to the annotated answer,Ban đầu Hưng Hóa được thành lập gồm bao nhiêu phủ?,"gồm ba phủ: Qúy Hóa, Gia Hưng, An Tây",302
train,0067-0002-0003,TOKENIZER_BOUNDARY: no overflow feature decoded exactly to the annotated answer,Trung Ương đã làm gì để tăng tình đòan kết và tạo điều kiện cho sự tiến bộ cho các dân tộc Tây Bắc?,"ập khu vực tự trị của các dân tộc ở Tây Bắc, gọi là Khu tự trị Thái - Mèo theo Nghị quyết của Quốc hội vào ngày 29 tháng 4 năm 1955",323
train,0068-0002-0002,TOKENIZER_BOUNDARY: no overflow feature decoded exactly to the annotated answer,Người ta có thể khái niệm nhu cầu như thế nào?,"là tính chất của cơ thể sống, biểu hiện trạng thái thiếu hụt của chính cá thể đó và do đó phân biệt nó với môi trường sống",248
train,0071-0002-0004,TOKENIZER_BOUNDARY: no overflow feature decoded exactly to the annotated answer,Tại sao nước lại bị quang ly trên bề mặt sao Kim?,"vì không có từ quyển hành tinh, hiđrô tự do có thể thóat vào vũ trụ bởi tác động của gió Mặt Trời",1065
train,0071-0005-0003,TOKENIZER_BOUNDARY: no overflow feature decoded exactly to the annotated answer,Tại sao sao Kim lại có nhiều núi lửa?,vì lớp vỏ của nó già hơn,321
train,0071-0006-0004,TOKENIZER_BOUNDARY: no overflow feature decoded exactly to the annotated answer,Điều gì đã giải thích cho việc họat động trước đó của núi lửa?,"độ tập trung của lưu hùynh điôxit trong khí quyển, mà các nhà khoa học nhận thấy đã giảm đi 10 lần trong giai đọan 1978 đến 1986",450
train,0071-0011-0005,TOKENIZER_BOUNDARY: no overflow feature decoded exactly to the annotated answer,Dạng sống bậc thấp tồn tại ở đâu?,tại trong trung tầng và thượng tầng khí quyển,643
train,0071-0018-0003,TOKENIZER_BOUNDARY: no overflow feature decoded exactly to the annotated answer,Giao hội trong là gì?,khỏang cách giữa nó với Trái Đất là khỏang cách ngắn nhất từ Trái Đất đến các hành,375
train,0071-0020-0002,TOKENIZER_BOUNDARY: no overflow feature decoded exactly to the annotated answer,Chu kì tự quay của sao Kim thể hiện điều gì?,trạng thái cân bằng giữa hiện tượng khóa thủy triều do ảnh hưởng hấp dẫn của Mặt Trời,383
train,0071-0024-0003,TOKENIZER_BOUNDARY: no overflow feature decoded exactly to the annotated answer,Khi nào độ sáng đạt cực đại?,tiến đến vị trí có góc ly giác lớn nhất tính từ Mặt Trờ,268
train,0071-0031-0001,TOKENIZER_BOUNDARY: no overflow feature decoded exactly to the annotated answer,Tại sao sao Kim lại ít có khám phá?,o khí quyển quá dày,55
train,0072-0002-0001,TOKENIZER_BOUNDARY: no overflow feature decoded exactly to the annotated answer,Tổng giá trị của khóang sản có ở tỉnh Amur hiện nay là bao nhiêu?,khỏang 400 tỉ USD,134
train,0073-0004-0002,TOKENIZER_BOUNDARY: no overflow feature decoded exactly to the annotated answer,Bảo tồn sinh học là vấn đề với quy mô như thế nào?,tòan cầu,55
train,0073-0011-0002,TOKENIZER_BOUNDARY: no overflow feature decoded exactly to the annotated answer,Các đợt tuyệt chủng hàng lọat trên Trái Đất gồm những đợt nào?,"ỷ Ordovic (440 triệu năm trước), Devon (370 triệu năm trước), Permi-Trias (245 triệu năm trước), Trias-Jura (200 triệu năm trước), và kỷ Creta-Paleogen (66 triệu năm trước)",240
train,0074-0008-0002,TOKENIZER_BOUNDARY: no overflow feature decoded exactly to the annotated answer,"Trên bảng xếp hạng thế giới về các nước cần được hỗ trợ, Việt Nam đứng thứ mấy?",bảy,407
train,0074-0024-0003,TOKENIZER_BOUNDARY: no overflow feature decoded exactly to the annotated answer,Quốc hội đã đổi tên thành phố Sài Gòn - Gia Định sang tên gì?,hành phố Hồ Chí Minh,364
train,0074-0053-0002,TOKENIZER_BOUNDARY: no overflow feature decoded exactly to the annotated answer,Việt Nam Cộng Hòa kiểm sóat những vùng nào?,"ven của các thành phố lớn, thị xã và các khu vực dân cư đông đúc",396
train,0074-0054-0005,TOKENIZER_BOUNDARY: no overflow feature decoded exactly to the annotated answer,Việc tổ chức thành công họat động gì đã giúp cho nhà nước Việt Nam Dân chủ Cộng hòa khẳng định được chính danh và chủ quyền?,cuộc Tổng tuyển cử năm 1946,526
train,0075-0001-0004,TOKENIZER_BOUNDARY: no overflow feature decoded exactly to the annotated answer,Mithridates I đã mở rộng lãnh thổ của Parthia như thế nào?,hiếm lấy Media (thuộc phía Tây Bắc Iran) và Lưỡng Hà từ vương quốc Seleukos,518
train,0075-0005-0002,TOKENIZER_BOUNDARY: no overflow feature decoded exactly to the annotated answer,Ngôn ngữ nào là chính yếu trong triều đình Parthia?,tiếng Parthia,463
train,0075-0008-0003,TOKENIZER_BOUNDARY: no overflow feature decoded exactly to the annotated answer,Nguyên nhân thất bại của Antiochus III Đại đế trước cuộc phản công của Arsaces là gì?,uân đội của ông ta đang phải tham gia vào việc dập tắt cuộc nổi lọan của Molon ở Media,957
train,0075-0009-0001,TOKENIZER_BOUNDARY: no overflow feature decoded exactly to the annotated answer,Danh hiệu basileos trao cho Antiochus vì lý do gì?,thương lượng một giải pháp hòa bình với Arsaces II,164
train,0075-0011-0002,TOKENIZER_BOUNDARY: no overflow feature decoded exactly to the annotated answer,Hòang cung Ecbatana được xây dựng nhằm phục vụ nhu cầu nào của hòang gia?,ơi cư trú vào mùa hè chính dành cho hòang gia,335
train,0075-0033-0001,TOKENIZER_BOUNDARY: no overflow feature decoded exactly to the annotated answer,Vì sao Cam Anh lại quyết định quay trở về Đại Hán?,uan lại Parthia thuyết phục ông ta rằng một chuyến du ngọan đầy hiểm họa trên biển quanh bán đảo Ả Rập là con đường duy nhất đến La Mã,296
train,0075-0039-0003,TOKENIZER_BOUNDARY: no overflow feature decoded exactly to the annotated answer,Mục đích của hòang đế La Mã là gì khi lật đổ các vua của Osroene và Armenia?,iến chúng thành tỉnh La Mã,328
train,0075-0040-0003,TOKENIZER_BOUNDARY: no overflow feature decoded exactly to the annotated answer,Ardahir I đã vi phạm luật lệ của Parthia như thế nào?,ừ Estakhr bắt đầu chinh phục các vùng lãnh thổ xung quanh,244
train,0075-0050-0003,TOKENIZER_BOUNDARY: no overflow feature decoded exactly to the annotated answer,Những dòng chữ khắc Parthia liên quan như thế nào đối với các chỉ huy quân sự tại đồn trú biên phòng?,iết lộ một số các chức danh quân sự ban cho những chỉ huy,404
train,0076-0021-0005,TOKENIZER_BOUNDARY: no overflow feature decoded exactly to the annotated answer,Những quốc gia nào đã tham gia vào việc buôn bán nô lệ da đen ở châu Phi?,"Anh, Pháp, Hà Lan..",192
train,0076-0022-0001,TOKENIZER_BOUNDARY: no overflow feature decoded exactly to the annotated answer,Nguyên nhân do đâu dẫn tới sự phá họai to lớn đối với châu Phi trong sự phát triển của nó?,Sự giảm sút nghiêm trọng dân số ở châu Phi,0
train,0077-0001-0004,TOKENIZER_BOUNDARY: no overflow feature decoded exactly to the annotated answer,"Ở đại học, sinh viên căn bản phải có kiến thức gì về lý thuyết tập hợp?",bản số,469
train,0077-0006-0003,TOKENIZER_BOUNDARY: no overflow feature decoded exactly to the annotated answer,Lý thuyết tập hợp nào đang được các nhà khoa học sử dụng nhiều nhất?,hệ thống ZF,501
train,0079-0002-0005,TOKENIZER_BOUNDARY: no overflow feature decoded exactly to the annotated answer,Việc thành lập một nhà nước mới của Thổ Nhĩ Kỳ nhận được những phản ứng như thế nào?,ộng đồng quốc tế chỉ trích,753
train,0079-0021-0004,TOKENIZER_BOUNDARY: no overflow feature decoded exactly to the annotated answer,Đâu là các sản phẩm nổi bật của nền công nghiệp sản xuất và chế biến của Síp?,"dệt, giày dép, may mặc xuất khẩu, chế biến nông lâm sản..",481
train,0079-0021-0005,TOKENIZER_BOUNDARY: no overflow feature decoded exactly to the annotated answer,Tổng nguồn vốn Nhà nước kêu gọi được từ các nhà đầu tư trong năm 2007 là bao nhiêu?,"9,996 tỷ USD",634
train,0079-0023-0004,TOKENIZER_BOUNDARY: no overflow feature decoded exactly to the annotated answer,Do đâu mà có sự tăng trưởng tư bản được tạo ra?,hu cầu của các nhà đầu tư tới đây và những người dân ngày càng giàu lên trên hòn đảo,979
train,0079-0032-0003,TOKENIZER_BOUNDARY: no overflow feature decoded exactly to the annotated answer,Các đội bóng nổi tiếng của Síp gồm các đội nào?,"AEL Limassol, APOLLON FC, Anorthosis Famagusta FC, AC Omonia, Apollon Ladies, Nea Salamina Famagusta, AEK Larnaca và APOEL Nicosia FC",72
train,0080-0003-0002,TOKENIZER_BOUNDARY: no overflow feature decoded exactly to the annotated answer,Mali tiến đến thời kỳ đỉnh cao vào thời gian nào?,thế kỷ XIV,104
train,0080-0023-0003,TOKENIZER_BOUNDARY: no overflow feature decoded exactly to the annotated answer,Tại sao tỉ lệ đến trường ở Mali lại thấp?,"do ngân sách của các gia đình không thể trang trải chi phí đồng phục, sách, dụng cụ, và các lệ phí khác để được đến trường",279
train,0080-0023-0004,TOKENIZER_BOUNDARY: no overflow feature decoded exactly to the annotated answer,Giới tính nào được đến trường nhiều hơn?,trai,486
train,0081-0002-0009,TOKENIZER_BOUNDARY: no overflow feature decoded exactly to the annotated answer,Vì sao việc học của Newton bị gián đọan?,"mẹ ông, lần thứ hai góa bụa, đang cố gắng khiến ông trở thành một nông dâ",284
train,0083-0002-0001,TOKENIZER_BOUNDARY: no overflow feature decoded exactly to the annotated answer,Bạc Liêu giao thương với Campuchia qua con đường nào?,sông Mêkông,706
train,0083-0004-0003,TOKENIZER_BOUNDARY: no overflow feature decoded exactly to the annotated answer,Mùa khô diễn ra trong khỏang thời gian nào?,"từ tháng 10, tháng 11 năm trước đến tháng 4, tháng 5 năm sau",334
train,0083-0004-0005,TOKENIZER_BOUNDARY: no overflow feature decoded exactly to the annotated answer,Hệ sinh thái tỉnh Bạc Liêu phát triển tốt nhất vào thời gian nào trong năm?,"từ tháng 4, tháng 5 đến tháng 10, tháng 11",412
train,0083-0009-0002,TOKENIZER_BOUNDARY: no overflow feature decoded exactly to the annotated answer,Làng Thạnh Thới được lập nên từ những làng nào?,Làng Châu Thới hợp nhất với làng Long Thạnh,298
train,0084-0006-0001,TOKENIZER_BOUNDARY: no overflow feature decoded exactly to the annotated answer,Luxembourg có thành tích gì trên thế giới vào những năm gần đây?,tốc độ tăng trưởng cao nhất trong EU,64
train,0086-0005-0004,TOKENIZER_BOUNDARY: no overflow feature decoded exactly to the annotated answer,Biển Đông nằm ở hướng nào so với đảo Sumatra?,đông,194
train,0087-0008-0004,TOKENIZER_BOUNDARY: no overflow feature decoded exactly to the annotated answer,Tổ hợp căn hộ được Trump và cha ông hồi sinh được bán lại với giá bao nhiêu?,"6,75 triệu USD",782
train,0087-0008-0005,TOKENIZER_BOUNDARY: no overflow feature decoded exactly to the annotated answer,Khỏan đầu tư hồi sinh tổ hợp căn hộ trị giá bao nhiêu?,500.000 USD,631
train,0087-0012-0003,TOKENIZER_BOUNDARY: no overflow feature decoded exactly to the annotated answer,Trump được người cha đã mất của mình chia cho bao nhiêu tiền?,250–300 triệu USD,938
train,0087-0017-0001,TOKENIZER_BOUNDARY: no overflow feature decoded exactly to the annotated answer,Tài sản của Trump được Forrbes ước tính là bao nhiêu năm 2011?,200 triệu USD,88
train,0087-0017-0002,TOKENIZER_BOUNDARY: no overflow feature decoded exactly to the annotated answer,Lĩnh vực quảng bá hình ảnh cho thương hiệu và dự án đã đem lại cho Trump số tiên là bao nhiêu?,562 triệu USD,507
train,0087-0019-0001,TOKENIZER_BOUNDARY: no overflow feature decoded exactly to the annotated answer,Forbes công bố giá trị tài sản của Trump là 4 tỉ USD tuy nhiên theo sự kiểm tra của Bloomberg Billionaires Index thì số tiền đó là bao nhiêu?,"2,9 tỉ USD",269
train,0087-0019-0002,TOKENIZER_BOUNDARY: no overflow feature decoded exactly to the annotated answer,Khi Trump ra tranh cử năm 2015 thì ông đã đưa ra bản số liệu về tài chính là bao nhiêu?,8.737.540.000 USD,507
train,0087-0019-0005,TOKENIZER_BOUNDARY: no overflow feature decoded exactly to the annotated answer,Khỏan nợ của Donald Trump là bao nhiêu khi ông là ứng viên tổng thống?,ít nhất là 265 triệu USD,914
train,0087-0022-0002,TOKENIZER_BOUNDARY: no overflow feature decoded exactly to the annotated answer,Tại sao mùa giải 1986 không được diễn ra?,USFL giành được chiến thắng trong vụ kiện cạnh tranh chống lại NFL,408
train,0087-0041-0003,TOKENIZER_BOUNDARY: no overflow feature decoded exactly to the annotated answer,Hdioi gì jhdhhd?,"g ""bất cứ điều gì đem lại lợi ích cho các luận điể",1506
train,0087-0054-0002,TOKENIZER_BOUNDARY: no overflow feature decoded exactly to the annotated answer,"Năm 1990 khi Taj Mahal nộp đơn xin phá sản, Janney Montgomery Scott đã yêu cầu Trump bồi thường mình bao nhiêu vì tội bôi nhọ danh dự?",2 triệu USD,455
train,0087-0062-0002,TOKENIZER_BOUNDARY: no overflow feature decoded exactly to the annotated answer,Alexia Palmer cho rằng mình bị trả thiếu bao nhiêu tiền?,"200,000 USD",212
train,0088-0012-0005,TOKENIZER_BOUNDARY: no overflow feature decoded exactly to the annotated answer,Những thứ gì được trưng bày trong Viện Bảo tàng Fogg?,"nghệ thuật Tây phương từ thời Trung cổ đến thời hiện tại, nhấn mạnh đến nghệ thuật Ý thời kỳ đầu Phục hưng, nghệ thuật Anh thời tiền-Raphael, và nghệ thuật Pháp thế kỷ XIX",349
train,0088-0015-0003,TOKENIZER_BOUNDARY: no overflow feature decoded exactly to the annotated answer,Thư viện Nghiên cứu Dumbarton Oaks được tìm thấy ở đâu của nước Mỹ?,"Washington, D.C",277
train,0088-0017-0004,TOKENIZER_BOUNDARY: no overflow feature decoded exactly to the annotated answer,"Ngòai đua thuyền, hockey trên băng, và bóng quần, Đại học Harvard còn giành ngôi vô địch ở môn thi đấu nào?",đấu kiếm nam và nữ của NCAA,515
train,0088-0019-0004,TOKENIZER_BOUNDARY: no overflow feature decoded exactly to the annotated answer,Những tác phẩm nào của Segal cũng viết về những câu chuyện liên quan đến sinh viên Harvard?,he Class (1985) và Doctors (1988),536
train,0089-0001-0005,TOKENIZER_BOUNDARY: no overflow feature decoded exactly to the annotated answer,"Ở nhiệt độ nào, hợp kim zirconi và kẽm sẽ có từ tính?",dưới 35 K,478
train,0089-0002-0005,TOKENIZER_BOUNDARY: no overflow feature decoded exactly to the annotated answer,Zirconi được dùng nhiều nhất ở đâu?,rong các lò phản ứng hạt nhân,710
train,0090-0002-0005,TOKENIZER_BOUNDARY: no overflow feature decoded exactly to the annotated answer,Mỗi khi lên cao 1 km thì nhiệt độ thay đổi như thế nào?,"giảm trung bình khỏang 6,5 °C",1054
train,0092-0013-0004,TOKENIZER_BOUNDARY: no overflow feature decoded exactly to the annotated answer,Thể chế chính trị của Liên Xô là gì?,Xã hội chủ nghĩa,351
train,0092-0020-0001,TOKENIZER_BOUNDARY: no overflow feature decoded exactly to the annotated answer,Lực lượng không chiến của phe nào đã tấn công Phi trường Kimpo?,Bắc Triều Tiên,47
train,0092-0037-0004,TOKENIZER_BOUNDARY: no overflow feature decoded exactly to the annotated answer,Quá trình di chuyển của quân Trung Quốc diễn ra vào thời điểm nào?,từ sau khi chập tối lúc 19 giờ và kết thúc lúc 3 giờ sáng hôm sau,790
train,0092-0047-0003,TOKENIZER_BOUNDARY: no overflow feature decoded exactly to the annotated answer,Các cuộc tập thử đánh bom giả sử dụng chiến cơ B-29 đã được thực hiện tại những nơi nào?,từ Okinawa đến Bắc Triều,181
train,0092-0047-0005,TOKENIZER_BOUNDARY: no overflow feature decoded exactly to the annotated answer,Vì sao việc sử dụng bom nguyên tử không đem lại tác dụng như mong đợi?,vì việc phát hiện số đông lực lượng địch kịp thời thì quả là hiếm hoi,652
train,0093-0013-0004,TOKENIZER_BOUNDARY: no overflow feature decoded exactly to the annotated answer,Chi nhánh của Phòng thí nghiệm FBI đặt tại đâu?,Học viện FBI,912
train,0093-0023-0004,TOKENIZER_BOUNDARY: no overflow feature decoded exactly to the annotated answer,Đặc vụ hay nhân viên hỗ trợ bị chuyển địa điểm làm việc do đâu?,nếu Cục cảm thấy cần họ hỗ trợ cho phòng đại diện hoặc một trong 400 cơ quan tại địa phương của FBI,590
train,0095-0010-0005,TOKENIZER_BOUNDARY: no overflow feature decoded exactly to the annotated answer,Nguyên nhân nào dẫn đến cuộc Nội chiến Trung Quốc?,Hành động trục xuất thành viên cộng sản và cố vấn Liên Xô của Tưởng Giới Thạch,782
train,0095-0023-0004,TOKENIZER_BOUNDARY: no overflow feature decoded exactly to the annotated answer,Trong thời gian cầm quyền ở Đài Loan giá trị tài sản của Quốc dân Đảng được ước tính là bao nhiêu?,2-10 tỷ USD,539
train,0098-0004-0002,TOKENIZER_BOUNDARY: no overflow feature decoded exactly to the annotated answer,"Việc phân tích hình thái học, ADN và miêu tả có xác nhận được tính đơn ngành của các phân họ đâu không?",không,358
train,0100-0052-0001,TOKENIZER_BOUNDARY: no overflow feature decoded exactly to the annotated answer,Trong cuộc xâm chiếm miền Bắc do Lee lãnh đạo đã bị chặn đứng tại trận đánh nào?,trận Antietam,183
train,0100-0075-0001,TOKENIZER_BOUNDARY: no overflow feature decoded exactly to the annotated answer,Đức đã cuộc phản công bằng trận đánh nào sau khi bị đồng minh đẩy ra khỏi đất Pháp?,trận Bulge,89
train,0102-0001-0009,TOKENIZER_BOUNDARY: no overflow feature decoded exactly to the annotated answer,Ngôi sao có khối lượng riêng lớn nhất trong hệ Mặt Trời và được đặt tên theo vị thần biển cả người La Mã?,Sao Hải Vươn,0
train,0102-0005-0007,TOKENIZER_BOUNDARY: no overflow feature decoded exactly to the annotated answer,Galileo đã nhìn Sao Hải Vương thông qua đâu?,kính thiên vă,786
train,0102-0013-0005,TOKENIZER_BOUNDARY: no overflow feature decoded exactly to the annotated answer,Nhiệt độ của đám mây băng nước trên Sao Hải Vươn là bao nhiêu?,0 °C,537
train,0104-0031-0003,TOKENIZER_BOUNDARY: no overflow feature decoded exactly to the annotated answer,Những lọai vũ khí nào mà Sư đòan Đức giới đã có vào lúc trước chiến tranh kháng Nhật?,"súng trường Tưởng Giới Thạch sản xuất trong nước hoặc súng trường Mauser do Đức chế tạo, súng máy nhẹ sản xuất trong nước phỏng theo ZB vz. 26 của Tiệp Khắc, súng liên thanh macxim 24..",170
train,0106-0036-0005,TOKENIZER_BOUNDARY: no overflow feature decoded exactly to the annotated answer,Chính sách này từ xưa có gì sai sót?,không hạn chế sử dụng bừa bãi thuốc trừ sâu và phân bón,613
train,0106-0057-0003,TOKENIZER_BOUNDARY: no overflow feature decoded exactly to the annotated answer,Câu lạc bộ bóng đá lâu năm nhất tại Ireland là đội bóng nào?,Cliftonville F.C,154
train,0106-0061-0004,TOKENIZER_BOUNDARY: no overflow feature decoded exactly to the annotated answer,Ireland là thị trường whiskey lớn nhất thế giới vào năm nào?,đầu thế kỷ XX,89
train,0107-0050-0004,TOKENIZER_BOUNDARY: no overflow feature decoded exactly to the annotated answer,Các nhân viên hỗ trợ làm việc tại một mansio gồm những người với những vai trò nào?,"gồm người dắt la, thư ký, thợ rèn, xe ngựa, một thầy thuốc thú y, một vài quân cảnh và người đưa thư",593
train,0109-0027-0003,TOKENIZER_BOUNDARY: no overflow feature decoded exactly to the annotated answer,Việt Nam có những vai trò nào trong Liên Hiệp Quốc?,"ủy viên ECOSOC, ủy viên Hội đồng chấp hành UNDP, UNFPA và UPU",576
train,0109-0031-0005,TOKENIZER_BOUNDARY: no overflow feature decoded exactly to the annotated answer,Những tỉnh nào xếp sát theo danh sách các tỉnh có GDP bình quân đầu người dưới 1530 USD thấp nhất nước?,"Thanh Hóa, Trà Vinh,..",687
train,0109-0034-0003,TOKENIZER_BOUNDARY: no overflow feature decoded exactly to the annotated answer,Thành công nào là minh chứng cho sự phát triển robot đã có tiến bộ tại Việt Nam?,mô hình hình người máy TOPIO,531
train,0109-0035-0004,TOKENIZER_BOUNDARY: no overflow feature decoded exactly to the annotated answer,Những dân tộc nào trong các dân tộc thiểu số có số lượng người đông?,"dân tộc Tày, Thái, Mường, Hoa, Khmer, Nùng,..",382
train,0109-0041-0001,TOKENIZER_BOUNDARY: no overflow feature decoded exactly to the annotated answer,Những tệ nạn nào hiện đang xảy ra phổ biến nhất?,"cờ bạc, cá độ, sử dụng và buôn bán ma túy, mại dâm..",33
train,0109-0042-0002,TOKENIZER_BOUNDARY: no overflow feature decoded exactly to the annotated answer,Các đô thị chính của Việt Nam tại khu vực đồng bằng sông Hồng là các đô thị nào?,"Hà Nội, Hải Phòng, Nam Định, Hải Dương..",218
train,0109-0048-0004,TOKENIZER_BOUNDARY: no overflow feature decoded exactly to the annotated answer,Ngòai áo dài thì những trang phục truyền thống khác của Việt Nam là gì?,"áo tứ thân, áo ngũ cốc, yếm, áo bà ba, áo gấm,..",436
train,0109-0049-0004,TOKENIZER_BOUNDARY: no overflow feature decoded exactly to the annotated answer,Từ đầu thế kỷ XX thì những nơi nào đã phát triển đầu tiên với bộ môn bóng đá?,"các Thành phố Hồ Chí Minh, Hà Nội, Nam Định, Hải Phòng, Quảng Ninh,..",410
train,0109-0049-0005,TOKENIZER_BOUNDARY: no overflow feature decoded exactly to the annotated answer,Trong bóng đá thì những gì đều nhận được sự quan tâm đặc biệt của người dân?,"Mỗi thành công hay thất bại của đội tuyển bóng đá quốc gia hay U-23 Việt Nam, diễn biến của các giải đấu lớn cấp quốc tế và các giải khác ở châu Âu..",499
train,0110-0021-0003,TOKENIZER_BOUNDARY: no overflow feature decoded exactly to the annotated answer,Đối với các nhân chứng không đồng ý ra làm chứng thì sẽ mắc vào tội gì?,tội khinh mạn,492
train,0110-0025-0001,TOKENIZER_BOUNDARY: no overflow feature decoded exactly to the annotated answer,Các nghị sĩ lưỡng viện đều không bị bắt giữ trừ khi họ phạm vào những tội nào?,"tội phản quốc, các trọng tội và tội gây rối",100
train,0113-0001-0005,TOKENIZER_BOUNDARY: no overflow feature decoded exactly to the annotated answer,Rạn san hô vòng Utrik thuộc quần đảo nào?,thuộc quần đảo Marshal,440
train,0114-0012-0005,TOKENIZER_BOUNDARY: no overflow feature decoded exactly to the annotated answer,Vì sao Richard không dám từ bỏ Alys?,"vì bà là chị của Vua Pháp Philip II, một đồng minh thân cận",464
train,0114-0016-0002,TOKENIZER_BOUNDARY: no overflow feature decoded exactly to the annotated answer,Richard dự định giành lấy ngai vàng trong cuộc chiến nào?,trong cuộc viễn chinh với Philip chống lại cha,138
train,0114-0041-0002,TOKENIZER_BOUNDARY: no overflow feature decoded exactly to the annotated answer,Vị trí vết thương của Richard là?,vai trái ngay gần cổ,555
train,0114-0046-0005,TOKENIZER_BOUNDARY: no overflow feature decoded exactly to the annotated answer,Vì sao truyền thuyết đó không tương ứng với lịch sử?,"vì những người cầm tù nhà vua không che giấu sự thật; mà ngược lại, họ công khai điều đó",713
train,0116-0015-0004,TOKENIZER_BOUNDARY: no overflow feature decoded exactly to the annotated answer,Theo kế họach thì bản dự thảo sẽ được hòan thành trong thời gian nào?,bản dự thảo trình Hội đồng Bộ trưởng cần được hòan thành và thông qua ngay trong ngày để có thể được công bố bắt đầu từ lúc 4 giờ ngày hôm sau thông qua hãng thông tấn xã nhà nước ADN,554
train,0117-0012-0001,TOKENIZER_BOUNDARY: no overflow feature decoded exactly to the annotated answer,Năm 1970 chứng kiến điều gì về kinh tế thế giới?,vài nền kinh tế mới nổi đã bắt đầu thu hẹp khỏang cách với kinh tế Hoa Kỳ,23
train,0117-0062-0002,TOKENIZER_BOUNDARY: no overflow feature decoded exactly to the annotated answer,Thành phần nào có đóng góp lớn cho sự phát triển của Mỹ?,ực lượng lao động tay nghề kỹ thuật cao,493
train,0117-0065-0002,TOKENIZER_BOUNDARY: no overflow feature decoded exactly to the annotated answer,Ngành phi nông nghiệp liên quan đến những lĩnh vục gì gì?,"tất cả những ngành công nghiệp, xây dựng, dịch vụ..",148
train,0119-0025-0003,TOKENIZER_BOUNDARY: no overflow feature decoded exactly to the annotated answer,Nguyên nhân gì mà sau vài tháng của hiệp ước thì các tên lửa của Hoa Kỳ tại Trung Đông mới được rút đi?,Kennedy không chịu mất mặt,845
train,0119-0048-0001,TOKENIZER_BOUNDARY: no overflow feature decoded exactly to the annotated answer,Về lĩnh vực y tế thì Cuba luôn được xếp hạng những quốc gia đứng đầu về điều gì?,số nhân viên y tế cao và có nhiều đóng góp vào công cuộc chăm sóc sức khỏe cộng đồng thế giới từ thế kỷ XIX,219
train,0119-0050-0004,TOKENIZER_BOUNDARY: no overflow feature decoded exactly to the annotated answer,Cuộc chiến y học với lọai bệnh nào mà nhân lọai đã giành chiến thắng thông qua thành công của Cuba?,HIV/AIDS,366
train,0120-0004-0005,TOKENIZER_BOUNDARY: no overflow feature decoded exactly to the annotated answer,Von Neumann lìa đời tại nơi nào?,"Bệnh viện Walter Reed ở Washington, D.C",600
train,0120-0005-0004,TOKENIZER_BOUNDARY: no overflow feature decoded exactly to the annotated answer,Hành động gì của Bertrand Russell đã tác động lớn với ngành lí thuyết tập hợp?,ám phá ra nghịch lý nổi tiếng,429
train,0121-0005-0001,TOKENIZER_BOUNDARY: no overflow feature decoded exactly to the annotated answer,"Cuối năm 2009, Tổ chức Y tế Thế giới đã ước tính có bao nhiêu người lớn đang sống với HIV?","37,2 triệu người",124
train,0121-0005-0002,TOKENIZER_BOUNDARY: no overflow feature decoded exactly to the annotated answer,2.2 triệu là con số mà Tổ chức Y tế Thế giới nói về số lượng gì?,trẻ em sống với HIV,158
train,0121-0013-0002,TOKENIZER_BOUNDARY: no overflow feature decoded exactly to the annotated answer,Khả năng nào mà tất cả mọi người đều có?,khả năng cảm nhiễm HIV,145
train,0121-0016-0003,TOKENIZER_BOUNDARY: no overflow feature decoded exactly to the annotated answer,Nguyên nhân nào mà HIV vẫn có khả năng lây truyền dù có kết quả âm tính khi xét nghiệm máu?,"máu được lấy ở người mới bị nhiễm HIV, người đó đang ở trong “thời kỳ cửa sổ” của quá trình nhiễm HIV",499
train,0121-0026-0005,TOKENIZER_BOUNDARY: no overflow feature decoded exactly to the annotated answer,Những triệu chứng nào của các bệnh nhân mà cần đến các cách trị liệu tại thời điểm các biện pháp điều trị hữu hiệu chưa xuất hiện?,"đau, ăn mất ngon..",633
train,0122-0002-0002,TOKENIZER_BOUNDARY: no overflow feature decoded exactly to the annotated answer,"""Sơ đồ vị giác"" được biết đến từ khi nào?",từ đầu thế kỷ XX,295
train,0123-0007-0002,TOKENIZER_BOUNDARY: no overflow feature decoded exactly to the annotated answer,"Ngòai hồ Tây, hồ Gươm thì tại nội ô của thủ đô Việt Nam còn nổi bật bởi các hồ nào khác?","Trúc Bạch, Thiền Quang, Thủ Lệ.",440
train,0123-0038-0005,TOKENIZER_BOUNDARY: no overflow feature decoded exactly to the annotated answer,Hầu như tất cả ngôi chùa tại nội ô Hà Nội ngày nay đã trải qua nâng cấp và phục dựng khi nào?,thế kỷ XIX,804
train,0123-0056-0003,TOKENIZER_BOUNDARY: no overflow feature decoded exactly to the annotated answer,Tuổi thọ trung bình của người dân Hà Nội là bao nhiêu sau khi có sự thay đổi về địa giới năm 2008?,"75,6 tuổ",465
train,0123-0071-0002,TOKENIZER_BOUNDARY: no overflow feature decoded exactly to the annotated answer,Nơi nào là nơi xuất thân của các thợ làm nghề gốm Bát Tràng?,"làng Bồ Bát, Ninh Bình và làng Ninh Tràng, Thanh Hóa",176
train,0123-0082-0001,TOKENIZER_BOUNDARY: no overflow feature decoded exactly to the annotated answer,Sự việc làm xấu mặt người Hà Nội trong sự kiện hoa anh đào năm 2008 là gì?,vụ tàn phá hoa của người Hà Nội,150
train,0124-0001-0003,TOKENIZER_BOUNDARY: no overflow feature decoded exactly to the annotated answer,Chúa Nguyễn đã khai phá tỉnh Đồng Tháp từ thời kì nào?,"thế kỷ XVII, XVIII",179
train,0124-0022-0001,TOKENIZER_BOUNDARY: no overflow feature decoded exactly to the annotated answer,Trong tháng 10 thì họat động xuất khẩu đạt được là bao nhiêu?,74.584 ngàn USD,48
train,0124-0022-0005,TOKENIZER_BOUNDARY: no overflow feature decoded exactly to the annotated answer,Kim ngạch xuất khẩu tháng 10 sẽ đạt được bao nhiêu nếu không tính hàng tạm nhập tái xuất?,57.084 ngàn USD,193
train,0125-0003-0008,TOKENIZER_BOUNDARY: no overflow feature decoded exactly to the annotated answer,"Đất nước có cư dân Hồi giáo Ả Rập, cư dân Nilotic và Nubia sinh sống là đất nước như thế nào?",lớn nhất và đa văn hóa nhất trong tất cả các quốc gia Bắc Phi,467
train,0125-0007-0003,TOKENIZER_BOUNDARY: no overflow feature decoded exactly to the annotated answer,Augutus xứ Hippo có quê quán ở đâu?,Bắc Phi,300
train,0126-0002-0003,TOKENIZER_BOUNDARY: no overflow feature decoded exactly to the annotated answer,Nước Pháp trở thành đế quốc lớn thứ hai vào thời gian nào?,thế kỷ XX,568
train,0126-0004-0004,TOKENIZER_BOUNDARY: no overflow feature decoded exactly to the annotated answer,"Xét về GDP danh nghĩa và GDP PPP, kinh tế nước Pháp đứng thứ mấy?",nền kinh tế lớn thứ sáu thế giới theo GDP danh nghĩa và lớn thứ chín theo GDP PPP,270
train,0126-0006-0005,TOKENIZER_BOUNDARY: no overflow feature decoded exactly to the annotated answer,Thời kỳ đồ đá trên đất Pháp diễn ra vào thời gian nào?,ừ khỏang 7.000 TCN,76
train,0126-0008-0002,TOKENIZER_BOUNDARY: no overflow feature decoded exactly to the annotated answer,Cuộc khởi nghĩa của Gaulois Vercingétorix bị ai đánh bại vào năm 52 TCN?,Julius Caesa,201
train,0126-0017-0001,TOKENIZER_BOUNDARY: no overflow feature decoded exactly to the annotated answer,Chế độ quân chủ của Pháp đạt đỉnh cao dưới thời vua nào?,Louis XIV,71
train,0126-0017-0004,TOKENIZER_BOUNDARY: no overflow feature decoded exactly to the annotated answer,"Dưới thời Louis XIV, tiếng Pháp đã trở thành ngôn ngữ phổ biến nhất trong khoa học, văn học, ngọai giao và các vấn đề khác, đã phát triển cho đến khi nào?",đến thế kỷ XX,594
train,0126-0026-0002,TOKENIZER_BOUNDARY: no overflow feature decoded exactly to the annotated answer,Danh xưng của hòang đế của đế quốc thứ nhì Pháp là gì?,Napoléon III,163
train,0126-0033-0004,TOKENIZER_BOUNDARY: no overflow feature decoded exactly to the annotated answer,Cuộc tấn công nào gây ra sự chết chóc nhiều nhất trên nước Pháp sau thế chiến thứ hai?,ác vụ tấn công Paris tháng 11 năm 2015 đã làm 130 người thiệt mạng,296
train,0126-0036-0002,TOKENIZER_BOUNDARY: no overflow feature decoded exactly to the annotated answer,Lượng CO2 do nền công nghiệp Pháp thải ra đứng thứ mấy trên thế giới?,hạng 17,161
train,0126-0053-0001,TOKENIZER_BOUNDARY: no overflow feature decoded exactly to the annotated answer,Những điều kiện nào giúp Pháp trở thành nước sản xuất nông sản đứng đầu châu Âu?,"hờ các vùng đất phì nhiêu rộng lớn, áp dụng kỹ thuật hiện đại, và trợ cấp của EU",68
train,0126-0062-0001,TOKENIZER_BOUNDARY: no overflow feature decoded exactly to the annotated answer,Hãy kể tên những nhà khoa học nổi tiếng của thế kỷ XX?,"nhà tóan học và vật lý học Henri Poincaré, các nhà vật lý học Henri Becquerel, Pierre và Marie Curie, nổi tiếng nhờ công trình của họ về phóng xạ, nhà vật lý học Paul Langevin và nhà vi-rút học Luc Montagnier cùng khám phá HIV/AIDS",55
train,0126-0069-0001,TOKENIZER_BOUNDARY: no overflow feature decoded exactly to the annotated answer,Mục tiêu của Công đồng Pháp ngữ là gì?,ỗ lực xúc tiến sử dụng tiếng Pháp trong Liên minh châu Âu và tòan cầu,254
train,0126-0070-0003,TOKENIZER_BOUNDARY: no overflow feature decoded exactly to the annotated answer,Tiếng Pháp được sử dụng hòan tòan ở nước Pháp vào thời gian nào?,vào thế kỷ XX,599
train,0126-0077-0003,TOKENIZER_BOUNDARY: no overflow feature decoded exactly to the annotated answer,Tỉ lệ béo phì của nước Pháp thấp hơn so với những quốc gia nào?,"hấp xa so với tỷ lệ của Hoa Kỳ, và vẫn thấp nhất châu Âu",353
train,0126-0082-0001,TOKENIZER_BOUNDARY: no overflow feature decoded exactly to the annotated answer,Napoléon thích các họa sĩ theo trường phái nào?,tân cổ điển,367
train,0126-0083-0001,TOKENIZER_BOUNDARY: no overflow feature decoded exactly to the annotated answer,"Nửa cuối thế kỷ XIX, sự phát triển 2 trường phái hội họa nào ở Pháp?",phái ấn tượng và trường phái tượng trưng,155
train,0126-0085-0001,TOKENIZER_BOUNDARY: no overflow feature decoded exactly to the annotated answer,Tên gọi khác của kiến trúc Gothic?,Opus Francigenum,35
train,0126-0092-0001,TOKENIZER_BOUNDARY: no overflow feature decoded exactly to the annotated answer,Thời kỳ phồn thịnh của văn học Pháp vào thời gian nào?,rong thế kỷ XVIII và XIX,44
train,0126-0100-0002,ANSWER_LONGER_THAN_STRIDE: no overflow feature decoded exactly to the annotated answer,Các nhà sọan nhạc Pháp trong giai đọan lãng mạn gồm những ai?,"Hector Berlioz (Symphonie fantastique), Georges Bizet (Carmen trở thành một trong các opera phổ biến và trình diễn thường xuyên nhất), Gabriel Fauré (Pavane, Requiem và các khúc cảnh đêm), Charles Gounod (Ave Maria và opera Faust), Jacques Offenbach (có 100 operetta trong thập niên 1850–1870 và opera chưa hòan thành Những câu chuyện của Hoffmann), Édouard Lalo (Symphonie espagnole cho đàn violin và dàn nhạc cùng Cello Concerto trong cung Rê thứ), Jules Massenet (có hơn 30 opera, được trình diễn thường xuyên nhất là Manon (1884) và Werther (1892)) và Camille Saint-Saëns (Lễ hội muông thú, Vũ điệu thần chết, Samson và Delilah (Opera), Introduction and Rondo Capriccioso và Giao hưởng số 3)",414
train,0126-0107-0003,TOKENIZER_BOUNDARY: no overflow feature decoded exactly to the annotated answer,"Vào thập niên 1990, Pháp đã trải qua sự kiện gì để đánh dấu một bước pháp triển trong thiết kế thời trang?",Thập niên 1990 chứng kiến việc nhiều hãng thời thượng của Pháp kết hợp thành các tập đòan sang trọng khổng lồ và đa quốc gia như LVMH,483
train,0127-0003-0002,TOKENIZER_BOUNDARY: no overflow feature decoded exactly to the annotated answer,Hãy kể tên những phát minh nổi bật của Trung Quốc?,"giấy, la bàn, thuốc súng, địa chấn kế, kỹ thuật in ấn..",453
train,0127-0003-0007,TOKENIZER_BOUNDARY: no overflow feature decoded exactly to the annotated answer,Nền văn minh cho ra đời kỹ thuật in ấn có vị trí phát triển tại nơi nào?,vực phì nhiêu của sông Hòang Hà tại bình nguyên Hoa Bắc,98
train,0127-0013-0002,TOKENIZER_BOUNDARY: no overflow feature decoded exactly to the annotated answer,Ai là người thành lập triều Nguyên?,Hốt Tất Liệt,132
train,0127-0044-0002,TOKENIZER_BOUNDARY: no overflow feature decoded exactly to the annotated answer,"Năm 2013, Trung Quốc đã thử bao nhiêu tên lửa liên lục địa?",từ 50 đến 75 tên lửa liên lục địa,140
train,0127-0046-0005,TOKENIZER_BOUNDARY: no overflow feature decoded exactly to the annotated answer,"Năm 2016, GDP danh nghĩa/người là bao nhiêu?","8,141 USD",349
train,0127-0050-0005,TOKENIZER_BOUNDARY: no overflow feature decoded exactly to the annotated answer,"Năm 2012, Trung Quốc nhận tổng FDI là bao nhiêu từ nước ngòai?",253 tỷ USD,413
train,0127-0054-0005,TOKENIZER_BOUNDARY: no overflow feature decoded exactly to the annotated answer,Những nhà khoa học Trung Quốc đã đạt giải Nobel trong những lĩnh vực nào?,giải Nobel Vật lý và giải Nobel Hóa họ,431
train,0127-0058-0005,TOKENIZER_BOUNDARY: no overflow feature decoded exactly to the annotated answer,China Telecom cung cấp dịch vụ cho bao nhiêu thuê bao tại Hoa lục?,trên 50 triệu thuê,578
train,0127-0071-0003,TOKENIZER_BOUNDARY: no overflow feature decoded exactly to the annotated answer,Việc thăng tiến nhờ vào giành thành tích cao trong các kỳ khoa cử đã bắt nguồn từ thời nào?,từ thời Hán,234
train,0127-0072-0005,TOKENIZER_BOUNDARY: no overflow feature decoded exactly to the annotated answer,Những khía cạnh văn hóa truyền thống bị phá hủy trong Cách mạng văn hóa trong thập niên 1960 là do nguyên nhân nào?,do bị nhìn nhận là lạc hậu hay tàn tích của phong kiế,680
train,0128-0002-0005,TOKENIZER_BOUNDARY: no overflow feature decoded exactly to the annotated answer,Goldman Sách đã phân tích rằng năm 2050 nền kinh tế Hàn Quốc sẽ đứng thứ 2 trên thế giới với GDP bình quân đầu người là bao nhiêu?,81.000 USD,507
train,0130-0007-0002,TOKENIZER_BOUNDARY: no overflow feature decoded exactly to the annotated answer,Vương quốc Anh lấý vĩ tuyến bao nhiêu làm giới hạn cho họ?,55°N,254
train,0134-0017-0001,TOKENIZER_BOUNDARY: no overflow feature decoded exactly to the annotated answer,Vị vua Pháp nào là chồng của Mary Stuart?,François II,138
train,0137-0005-0005,TOKENIZER_BOUNDARY: no overflow feature decoded exactly to the annotated answer,Cuốn sách First Person đã được viết cách nay bao nhiêu năm?,19,44
train,0137-0025-0001,TOKENIZER_BOUNDARY: no overflow feature decoded exactly to the annotated answer,Các hành động của Putin đối với Ukraine có giống với những điều ông tuyên bố vào năm 2008 không?,không,179
train,0137-0028-0002,TOKENIZER_BOUNDARY: no overflow feature decoded exactly to the annotated answer,Vì sao các tổ chức phi chính phủ bị cám họat động ở Nga?,sự can thiệp vào nội bộ Nga của vài tổ chức thuộc NGO,199
train,0137-0037-0002,TOKENIZER_BOUNDARY: no overflow feature decoded exactly to the annotated answer,Kết quả của cuộc điều tra do Gallup thực hiện thì Putin và Obama ai là người được yêu thích hơn?,Obama,283
train,0138-0001-0005,TOKENIZER_BOUNDARY: no overflow feature decoded exactly to the annotated answer,"Để danh chính ngôn thuận tiến vào Việt Nam, Pháp đã lấy danh nghĩa gì?",giải giáp quân Nhậ,734
train,0138-0003-0008,TOKENIZER_BOUNDARY: no overflow feature decoded exactly to the annotated answer,"Trước khi xâm chiếm Sài Gòn, Pháp đã từng kéo quân vào đâu?",Cảng Đà Nẵn,34
train,0138-0026-0002,TOKENIZER_BOUNDARY: no overflow feature decoded exactly to the annotated answer,Các sinh viên cánh tả Hà Nội đã đưa ra yêu cầu gì đối với Việt Minh?,yêu cầu Việt Minh thảo luận với tất cả các đảng phái để thành lập chính phủ lâm thờ,164
train,0138-0031-0002,TOKENIZER_BOUNDARY: no overflow feature decoded exactly to the annotated answer,Lương thực chủ yếu được trồng trong khỏang cuối năm 1945 đầu năm 1946 là lọai nào?,"khoai lang, đậu, bắp..",475
train,0138-0033-0003,TOKENIZER_BOUNDARY: no overflow feature decoded exactly to the annotated answer,Nội dung của Sắc lệnh số 4 là gì?,"ập ""Qũy độc lập"" với mục đích ""để thu nhận các món tiền và đồ vật của nhân dân sẵn lòng quyên giúp Chính phủ để ủng hộ nền độc lập của Quốc gia""",177
train,0138-0035-0001,TOKENIZER_BOUNDARY: no overflow feature decoded exactly to the annotated answer,Việt Minh khuyến khích dân chúng làm gì để tưởng niệm Tôn Trung Sơn?,hân dân treo cờ hai nước,574
train,0138-0109-0004,TOKENIZER_BOUNDARY: no overflow feature decoded exactly to the annotated answer,Mục đích của Hồ Chí Minh trong lần cử phái đòan đi sang Trùng Khánh là gì?,ngăn cản tướng Leclerc lôi kéo Bảo Đạ,816
train,0138-0150-0004,TOKENIZER_BOUNDARY: no overflow feature decoded exactly to the annotated answer,Hãy nêu nhận xét về cách chiến đấu của quân đội Việt Nam?,"mang một hình thức thô sơ, vừa du kích, vừa cổ điển đối",578
train,0138-0167-0003,TOKENIZER_BOUNDARY: no overflow feature decoded exactly to the annotated answer,Mỹ viện trợ cho Pháp những vật dụng gì trong lực lượng vũ trang Không quân?,"60 máy bay F6F Hellcat và F8F Bearcat, 41 máy bay ném bom B-26 Invader, 28 máy bay vận tải C-47 cùng với 155 động cơ máy bay và 93.000 quả bom",457
train,0138-0172-0004,TOKENIZER_BOUNDARY: no overflow feature decoded exactly to the annotated answer,Đặc điểm chung của các tổ chức ở trong Mặt trận Thống nhất Quốc gia Liên hiệp là gì?,à những tổ chức chính trị hoặc tôn giáo từng tham gia chính phủ Việt Nam Dân chủ Cộng hòa hay hợp tác với Việt Minh chống Pháp nhưng do xung đột với Việt Minh nên chuyển sang ủng hộ Bảo Đại thành lập Quốc gia Việt Nam,669
train,0138-0177-0002,TOKENIZER_BOUNDARY: no overflow feature decoded exactly to the annotated answer,Mỹ gây sức ép tới Pháp để ép Pháp phải làm gì?,"ký những hiệp ước trao cho Quốc gia Việt Nam các quyền tự trị về quân sự, tài chính, thuế quan, xuất nhập cảnh.",61
train,0138-0178-0003,TOKENIZER_BOUNDARY: no overflow feature decoded exactly to the annotated answer,Đại tướng Revers đã nhận xét chính phủ của Bảo Đại như thế nào?,"một chế độ ung thối với sự tham nhũng, buôn lậu đồng bạc, buôn lậu giấy phép nhập cảng, những khu chứa cờ bạc đĩ điếm.",415
train,0138-0180-0002,TOKENIZER_BOUNDARY: no overflow feature decoded exactly to the annotated answer,Hồ Chí Minh có chấp nhận quyết định đồng ý giao quyền chỉ huy quân đội cho Pháp của Bảo Đại không?,không,269
train,0138-0201-0004,TOKENIZER_BOUNDARY: no overflow feature decoded exactly to the annotated answer,Khi nào đợt tổng công kích cuối cùng của chiến dịch Điện Biên Phủ diễn ra?,chiều ngày 6 tháng 5 năm 1954,495
train,0138-0214-0001,TOKENIZER_BOUNDARY: no overflow feature decoded exactly to the annotated answer,Pháp có được những chiến thắng trong chiến mà Mỹ mong muốn không?,không,27
train,0138-0215-0003,TOKENIZER_BOUNDARY: no overflow feature decoded exactly to the annotated answer,"Với sự viện trợ của Mỹ, Pháp có tiếp tục được cuộc chiến không?",có,507
train,0138-0217-0002,TOKENIZER_BOUNDARY: no overflow feature decoded exactly to the annotated answer,Mục đích đấu tranh của Chính phủ Việt Nam Dân chủ Cộng Hòa là gì?,"Việt Nam thống nhất, độc lập, hòa bình và giàu mạn",730
train,0138-0219-0002,TOKENIZER_BOUNDARY: no overflow feature decoded exactly to the annotated answer,Có bao nhiêu người đã di cư từ Bắc vào Nam?,Trên 1 triệu ngườ,387
train,0138-0222-0004,TOKENIZER_BOUNDARY: no overflow feature decoded exactly to the annotated answer,Việc duy trì Liên hợp Pháp có thuận lợi hay không?,không,853
validation,0001-0051-0005,TOKENIZER_BOUNDARY: no overflow feature decoded exactly to the annotated answer,Từ Paris có thể đến sân bay Charles-de-Gaulle bằng đường nào?,"đường cao tốc, xe búyt và tuyến RER B",428
validation,0001-0081-0001,TOKENIZER_BOUNDARY: no overflow feature decoded exactly to the annotated answer,Hiện nay Paris co những mạng lưới thương mại lớn nào?,"Galeries Lafayette, Printemps, Le Bon Marché, La Samaritaine và BHV",715
validation,0002-0009-0006,TOKENIZER_BOUNDARY: no overflow feature decoded exactly to the annotated answer,Theo thống kê dữ liệu thì khu vực New Calesdonia ghi nhận nhiệt độ cao nhất là bao nhiêu?,"39,1 °C",386
validation,0002-0017-0003,TOKENIZER_BOUNDARY: no overflow feature decoded exactly to the annotated answer,Hầu như đa số những người nào là tín đồ của Công giáo La Mã?,"gười gốc Âu, Ouvéa, Việt và một nửa cộng đồng thiểu số Melanesia và Polynesia",116
validation,0003-0002-0002,TOKENIZER_BOUNDARY: no overflow feature decoded exactly to the annotated answer,Khi nào thì cac quốc gia phương tây thành lập cac thuộc địa ở Canada?,từ cuối thế kỷ XV,90
validation,0003-0018-0006,TOKENIZER_BOUNDARY: no overflow feature decoded exactly to the annotated answer,"Ngòai việc tranh chấp các trường dạy ngôn ngữ Anh, thì chính phủ đã làm thêm việc gì mà gây ra sự bất mãn của cho cộng đồng người Canada Pháp ngữ?",hủ tướng Bảo thủ Robert Borden cho tiến hành nghĩa vụ quân sự cưỡng bách bất chấp sự phản đối dữ dội của người Québec Pháp ngữ,596
validation,0003-0031-0003,TOKENIZER_BOUNDARY: no overflow feature decoded exactly to the annotated answer,"Các danh hiệu vệ tinh nào được thiết lập tại Canada, trong khỏang thập niên 1960?","Radarsat-1 và 2, ISIS và MOST",333
validation,0004-0030-0002,TOKENIZER_BOUNDARY: no overflow feature decoded exactly to the annotated answer,Vì sao Israel chỉ nhận sát thương không đáng kể từ tên lửa Scud?,"vì khi tăng tầm bắn, tên lửa Scud bị giảm đi rất nhiều về độ chính xác và khả năng sát thương",628
validation,0004-0039-0001,TOKENIZER_BOUNDARY: no overflow feature decoded exactly to the annotated answer,Đâu là một hãng thông tấn của Mỹ sử dụng hệ thống truyền hình cáp?,CNN,274
validation,0004-0046-0004,TOKENIZER_BOUNDARY: no overflow feature decoded exactly to the annotated answer,Nguyên nhân do đâu mà việc liên minh sử dụng urani nghèo không được kiểm chứng rõ ràng bởi Iraq?,vì những biện pháp trừng phạt đã khiến họ không thể có được các thiết bị thử nghiệm cần thiết,340
validation,0004-0048-0005,TOKENIZER_BOUNDARY: no overflow feature decoded exactly to the annotated answer,Các chuyên gia sức khỏe môi trường có xác nhận rằng urani là nguyên nhân chính của bệnh bạch cầu hay không?,không,548
validation,0005-0003-0004,TOKENIZER_BOUNDARY: no overflow feature decoded exactly to the annotated answer,Sự khác biệt về tỷ lệ các chất hòa tan giữa nước biển và nước ngọt là do đâu?,o thời gian cư trú khác nhau của các chất hòa tan trong nước biển,499
validation,0005-0007-0004,TOKENIZER_BOUNDARY: no overflow feature decoded exactly to the annotated answer,Nước biển có thể được xử lý như nước thải hay không?,không,495
validation,0006-0007-0001,TOKENIZER_BOUNDARY: no overflow feature decoded exactly to the annotated answer,Người cầm quyền nào đã bãi bỏ chính sách công nhận Puerto Rico là một tỉnh hải ngọai?,vua Ferdinand VII,491
validation,0006-0016-0003,TOKENIZER_BOUNDARY: no overflow feature decoded exactly to the annotated answer,Điểm nào ở các nước Mỹ Latinh khác hấp dẫn các nhà đầu tư nước ngòai hơn Puerto Rico?,giá nhân công rẻ,216
validation,0006-0016-0007,TOKENIZER_BOUNDARY: no overflow feature decoded exactly to the annotated answer,Hậu quả để lại sau cuộc khủng hỏang ngân qũy ở Puerto Rico năm 2006 là gì?,gần 96 000 người bị cho nghỉ việ,560
validation,0009-0006-0002,TOKENIZER_BOUNDARY: no overflow feature decoded exactly to the annotated answer,Mitterrand và Fric đã làm gì trong một cuộc tụ họp công cộng do người hợp tác Georges Claude tổ chức?,gây ra một vụ hỗn lọan lớ,204
validation,0009-0007-0004,TOKENIZER_BOUNDARY: no overflow feature decoded exactly to the annotated answer,Sự kiện nào khiến Mitterrand rời ban thư kí?,"gười lãnh đạo của ông Maurice Pinot, một vichysto-résistant khác, bị thay thế bởi cộng tác viên André Masson",109
validation,0009-0009-0010,TOKENIZER_BOUNDARY: no overflow feature decoded exactly to the annotated answer,Ngày 10 tháng 7 Mitterrand và Piazook đã làm gì?,gừng một cuộc tụ họp công khai tại Salle Wagram ở Paris,441
validation,0009-0014-0004,TOKENIZER_BOUNDARY: no overflow feature decoded exactly to the annotated answer,Hành động của Mitterrand nhằm đối đối với Charles de Gaulle được thông qua khi nào?,ngày 4 tháng 10 năm 1958,481
validation,0009-0017-0001,TOKENIZER_BOUNDARY: no overflow feature decoded exactly to the annotated answer,Nhờ gì mà Mitterrand có thể trở lại Quốc hội?,PCF và SFIO,79
validation,0009-0029-0005,TOKENIZER_BOUNDARY: no overflow feature decoded exactly to the annotated answer,Mitterrand muốn duy trì quyền lực của Paris tại lục địa nào?,châu Phi,215
validation,0010-0007-0001,TOKENIZER_BOUNDARY: no overflow feature decoded exactly to the annotated answer,Vì sao ở nhiều nước người ta hay chọn bồ câu là lọai gia cầm để nuôi?,"Nuôi chim bồ câu không đòi hỏi kỹ thuật chăm sóc, chi phí cao mà hiệu quả nhan",86
validation,0010-0007-0004,TOKENIZER_BOUNDARY: no overflow feature decoded exactly to the annotated answer,Sự khác biệt về độ phụ thuộc ánh sáng giữa sự đẻ trúng và sự ấp trứng là gì?,ự đẻ trứng chỉ phụ thuộc vào một phần ánh sáng nhưng sự ấp trứng lại phụ thuộc chặt chẽ vào yếu tố ánh sáng,510
validation,0011-0004-0004,TOKENIZER_BOUNDARY: no overflow feature decoded exactly to the annotated answer,Lĩnh vực nghiên cứu nào được đảm nhận bởi những tổ chức hàn lâm ở châu Âu như Trung tâm nghiên cứu Ấn Độ tại Đại họ Oxford?,"lĩnh vực nghiên cứu cho nhiều tín đồ sùng đạo, các triết gia, các nhà thông thá",347
validation,0012-0004-0009,TOKENIZER_BOUNDARY: no overflow feature decoded exactly to the annotated answer,Vợ chồng ông có bao nhiêu người con?,bốn con,477
validation,0012-0017-0003,TOKENIZER_BOUNDARY: no overflow feature decoded exactly to the annotated answer,"Ngòai việc tẩy chay sản phẩm của Anh, Gandhi còn kêu gọi mọi người làm gì?","tẩy chay các cơ quan giáo dục và pháp tòa Anh, từ chức không làm cho chính quyền, từ chối không đóng thuế và hủy bỏ những danh hiệu, huy chương An",76
validation,0012-0029-0002,TOKENIZER_BOUNDARY: no overflow feature decoded exactly to the annotated answer,Bao nhiêu lần Quốc hội không nghe lời Gandhi?,ít,369
validation,0012-0031-0010,TOKENIZER_BOUNDARY: no overflow feature decoded exactly to the annotated answer,Lý do mà Liên minh Hồi giáo muốn phân chia Ấn Độ là gì?,thiểu số người Hồi giáo sẽ bị bức áp một cách có hệ thống,278
validation,0013-0002-0001,TOKENIZER_BOUNDARY: no overflow feature decoded exactly to the annotated answer,Vì sao trong khỏang từ năm 1629 đến năm 1640 vua Charles đã trị vì mà không triệu tập quốc hội?,ng đã giải tán quốc hội thứ ba năm 1629,593
validation,0013-0004-0008,TOKENIZER_BOUNDARY: no overflow feature decoded exactly to the annotated answer,"Vào năm 1642, để không mất đi uy quyền nhà vua Charles I đã làm gì?","Năm 1642, ông đã nổi giận, dẫn một tóan binh sĩ trang bị đầy đủ khí giới, xông vào Tòa Nhà Quốc hội để bắt 5 dân biểu hàng đầu, thường tỏ ra chống đối Charles I",600
validation,0015-0003-0002,TOKENIZER_BOUNDARY: no overflow feature decoded exactly to the annotated answer,Nền văn hóa Okunev tại Mông Cổ đã xuất hiện trong khỏang thời gian nào?,hiên niên kỷ 2 TCN,614
validation,0015-0003-0006,TOKENIZER_BOUNDARY: no overflow feature decoded exactly to the annotated answer,"Khác với thời đại đồ đồng đá và đồ đồng, người Mông Cổ thời đại đồ sắt có thêm sinh họat nào của phát triển mạnh?",gia công kim,538
validation,0016-0002-0008,TOKENIZER_BOUNDARY: no overflow feature decoded exactly to the annotated answer,"Vào năm 1642, ai là người thành lập ra một làng thuộc Montréal ngày nay?",aul de Chomedey de Maisonneuve và Jeanne Mance,226
validation,0016-0003-0003,TOKENIZER_BOUNDARY: no overflow feature decoded exactly to the annotated answer,Montréal là một thành phố quan trọng dối với Bắc Mỹ nói riêng và thế giới nói chung về những phương diện nào?,"hương mại, kỹ nghệ, đầu tư, chính trị, du lịch và nhất là về các họat động văn hóa",106
validation,0017-0006-0003,TOKENIZER_BOUNDARY: no overflow feature decoded exactly to the annotated answer,Roosevelt gặp điều gì khó khăn khi quyết định kết hôn với Eleanor?,sự chống đối quyết liệt của mẹ FDR,47
validation,0017-0016-0008,TOKENIZER_BOUNDARY: no overflow feature decoded exactly to the annotated answer,Những đồng minh của Roosevelt trong liên minh tòan quốc bao gồm những ai?,"trùm báo chí William Randolph Hearst, lãnh tụ cộng đồng Ái Nhĩ Lan Joseph P. Kennedy và nhà lãnh đạo tiểu bang California William G",508
validation,0019-0006-0004,TOKENIZER_BOUNDARY: no overflow feature decoded exactly to the annotated answer,Đường kinh độ nào là ranh giới giữa Texas và New México?,kinh độ 103°T,520
validation,0019-0015-0003,TOKENIZER_BOUNDARY: no overflow feature decoded exactly to the annotated answer,Cuối năm 1835 trận đánh nào ở Texas đã phát triển thành xung đột vũ trang?,trận Gonzales,280
