question_id,question,gold_answer,predicted_answer,has_gold_answer,predicted_no_answer,em,f1,reader_confidence,no_answer_score,best_span_score,score_margin,error_type,reader_method,retrieval_hit,latency_ms
0009-0029-0005,Mitterrand muốn duy trì quyền lực của Paris tại lục địa nào?,châu Phi,tại châu,True,False,0,0.5,,0.14622899999999994,9.87079,-0.146229,PARTIAL_SPAN,neural_span,True,31308.412500002305
0009-0001-0009,Bà ngọai được miêu tả như thế nào?,một phụ nữ qúy tộc,miêu tả các hành tinh của các sao đôi hay sao,True,False,0,0.0,,5.991123000000001,4.180267,-5.991122,WRONG_SPAN,neural_span,False,9733.571799995843
0011-0008-0008,Sự tranh luận về thần học Trung cổ song hành với thần học Ki-tô giáo được gọi là gì?,,"""Kalam",False,False,0,0.0,,2.3739929999999996,7.401464,-2.373994,UNANSWERABLE_FALSE_POSITIVE,neural_span,,24344.536100004916
0013-0003-0003,Chính sách của nhà thờ nước Anh được ông William Laud áp dụng cho những nơi nào?,tòan thể nước Anh và Scotland,vào tòan thể nước Anh và Scotland,True,False,0,0.923076923076923,,2.421366999999999,7.734535,-2.421367,SPAN_TOO_LONG,neural_span,True,24072.571900003823
0002-0021-0006,Houp được tạo ra nhằm kỷ niệm sự kiện gì?,,"kỷ niệm việc Pháp sáp nhập Nouvelle-Calédonie, nó được khánh thành vào năm",False,False,0,0.0,,5.493777000000001,4.677281,-5.493776,UNANSWERABLE_FALSE_POSITIVE,neural_span,,17959.087099996395
0004-0042-0001,"Theo số liệu của UNICEF, số lượng người Iraq thiệt mạng mỗi năm tăng thêm bao nhiêu vì lệnh trừng phạt kinh tế?",90.000,thêm 90.000,True,False,0,0.8,,-1.445450000000001,11.204895,1.44545,SPAN_TOO_LONG,neural_span,True,9218.17960000044
0015-0007-0003,Lãnh thổ của Đế quốc Mông Cổ kéo dài như thế nào?,"từ Ukraina hiện nay đến bán đảo Triều Tiên, và từ Siberia đến vịnh Oman và Việt Nam hiện nay",thế kỷ VI đến IV TCN,True,False,0,0.07692307692307691,,6.94647,3.225604,-6.946471,SPAN_TOO_SHORT,phrase_fallback,False,8385.087200003909
0007-0010-0002,Javier Solana đã bác bỏ điều gì?,bác bỏ khả năng thay thế binh lính gìn giữ hòa bình Nga bằng lực lượng của Liên minh châu Âu,bác bỏ khả năng thay thế binh lính gìn giữ hòa bình,True,False,0,0.7272727272727273,,0.45346300000000106,9.695087,-0.453463,SPAN_TOO_SHORT,neural_span,True,8079.5343999998295
0017-0025-0006,Cơ quan Quản trị Tiến trình Xây dựng Công chánh được thành lập với mục đích gì?,thiết lập ban cứu nguy quốc gia để thuê mướn 2 triệu gia trưởng trên tòan quốc,"Khi nền kinh tế bắt đầu tồi tệ trở lại vào cuối năm 1937, Roosevelt đưa ra một chương trình kích cầu cấp tiến, xin Quốc hội chi 5 tỷ đô la cho công chánh và giải cứu Cơ quan Quản trị Tiến trình Xây dựng Công chánh (WPA).",True,False,0,0.06060606060606061,,5.26287,4.896921,-5.26287,SPAN_TOO_LONG,sentence_fallback,True,7637.704700005997
0015-0020-0004,"Hiện nay, Mông Cổ là nước như thế nào?","một nước cộng hòa dân chủ đại nghị bán tổng thống, theo đó tổng thống được bầu cử trực tiếp",hiện nay là một nước cộng hòa dân chủ đại nghị bán,True,False,0,0.5625000000000001,,1.5508369999999996,8.508709,-1.550837,SPAN_TOO_SHORT,neural_span,True,8253.507699999318
0003-0013-0001,Ngôn ngữ nào phổ biến ở Ontario?,Anh ngữ,nói tiếng,True,False,0,0.0,,3.646209,6.494203,-3.646209,WRONG_SPAN,neural_span,True,7820.138199997018
0006-0015-0004,Ngành gì chiếm vị trí quan trọng trong kinh tế của Puerto Rico từ thế kỉ XX trở về trước?,ngành trồng và xuất khẩu mía đường,quanh ngành trồng và xuất khẩu mía,True,False,0,0.8571428571428571,,-0.8977369999999993,10.973339,0.897738,PARTIAL_SPAN,neural_span,True,7257.688000005146
0001-0061-0001,Những khu rừng nào nằm ở phía Đông và Tây trong nội thành Paris?,Rừng Boulogne và rừng Vincennes,,True,True,0,0.0,,,,,ANSWERABLE_PREDICTED_EMPTY,no_answer,True,8012.775399998645
0001-0022-0001,Vì sao nhà vua phải bỏ cung điện owrVersailles để về Paris?,những người nổi dậy tới Versailles,Sau khi tình hình trở,True,False,0,0.0,,6.217034,3.948825,-6.217034,WRONG_SPAN,phrase_fallback,True,9008.333500001754
0019-0028-0003,"Cuộc bầu cử tổng thống Hoa Kỳ năm 2008, ai là người đã dành chiến thắng tại Texas?",John McCain,là John F. Kennedy đắc cử,True,False,0,0.25,,2.1065959999999997,7.689829,-2.106596,SPAN_TOO_LONG,neural_span,True,7655.913900001906
0002-0002-0001,Trong 4.200 tù nhân chính trị được đưa đến Nouvelle- Calédonie từ năm 1873 đến 1876 thì thì có bao nhiêu người định cư tại thuộc địa?,40,năm 1897,True,False,0,0.0,,0.018378000000000227,9.978669,-0.018378,WRONG_SPAN,phrase_fallback,True,8826.13009999477
0015-0035-0002,Ngòai vật ra thì còn có môn thể thao nào góp mặt trong lễ hội Naadam?,"Mông Cổ, bắn cung, đua ngựa","bắn cung, đua",True,False,0,0.6666666666666666,,-0.8298909999999999,10.85321,0.829891,SPAN_TOO_SHORT,neural_span,True,8858.747799997218
0017-0028-0002,Các nhà kinh tế học đề nghị giải pháp gì để giải quyết nền kinh tế Mĩ lúc bấy giờ?,Chi tiêu thâm thủng,,True,True,0,0.0,,,,,ANSWERABLE_PREDICTED_EMPTY,no_answer,False,9374.962899993989
0003-0006-0003,Khi nào thì Canada được thống nhất thành một tỉnh?,năm 1841,. Đạo luật Liên minh,True,False,0,0.0,,-0.9896539999999998,11.034809,0.989655,WRONG_SPAN,neural_span,True,7439.391100000648
0012-0006-0003,Ông trở về Ấn Độ từ khi nào?,tháng 6 năm 1891,vào tháng 6 năm,True,False,0,0.75,,-1.0283280000000001,11.145039,1.028328,PARTIAL_SPAN,neural_span,True,8235.378599994874
0004-0033-0001,Phe liên minh có trang bị gì hiện đại hơn Lực lượng Iraq?,,các máy bay trực thăng,False,False,0,0.0,,-0.9016549999999999,10.942213,0.901655,UNANSWERABLE_FALSE_POSITIVE,neural_span,,7348.549499998626
0004-0019-0008,Số lượng quân lính mà Hoa Kỳ đã triệu tập lên đến con số bao nhiêu?,500.000 quân,từ 103 tới 180,True,False,0,0.0,,1.7838579999999986,8.373098,-1.783857,WRONG_SPAN,neural_span,False,9270.505699998466
0017-0068-0001,Có bao nhiêu thường trú nhân gốc ý phải chịu bị giới hạn đi lại khi Ý giao chiến với Hoa Kỳ?,khỏang 600.000,khỏang 600.000 thường trú,True,False,0,0.7499999999999999,,-0.7821049999999996,10.479097,0.782105,SPAN_TOO_LONG,neural_span,True,7756.668399997579
0017-0040-0003,"Trước những đồn đóan rằng thế giới sẽ tham chiến chiến tranh Hoa Kỳ, Roosevelt đã có những phản ứng như thế nào?",,Bullitt.,False,False,0,0.0,,6.379092999999999,3.792166,-6.379093,UNANSWERABLE_FALSE_POSITIVE,sentence_fallback,,9883.102300002065
0001-0029-0004,Cuộc diễu hành lớn nhất ở Pháp sau thế chiến II diễn ra vào thời gian nào?,ngày 10 và 11 tháng 1 năm 2015,,True,True,0,0.0,,,,,ANSWERABLE_PREDICTED_EMPTY,no_answer,False,9761.256300000241
0001-0014-0002,Roma có tên gì sau khi bị xâm chiếm bởi đế chế Paris?,,,False,True,1,1.0,,,,,CORRECT_NO_ANSWER,no_answer,,27621.840700005123
0012-0028-0003,Vì sao chính quyền Anh không muốn ông vượt khỏi tù?,,đây là một sự kiện có thể làm lòng căm phẫn của công chúng vượt khỏi tầm kiểm sóat,False,False,0,0.0,,8.014313000000001,2.140042,-8.014313,UNANSWERABLE_FALSE_POSITIVE,phrase_fallback,,19126.60440000036
0003-0026-0003,Nơi nào của Canada có khí hậu tốt nhất vào vào mùa đông?,British Columbia Duyên hải,trong vùng nội địa và các tỉnh,True,False,0,0.0,,3.9473389999999995,6.204333,-3.947339,WRONG_SPAN,neural_span,True,25332.405400004063
0019-0011-0001,Lý do mà một số đòan truyền giáo được ra đời tại Đông Texas vào năm 1690 là gì?,nhà cầm quyền Tây Ban Nha lo ngại rằng Pháp tạo ra mối đe dọa cạnh tranh,,True,True,0,0.0,,,,,ANSWERABLE_PREDICTED_EMPTY,no_answer,True,18175.719600003504
0012-0017-0005,Hiệu quả của chương trình tẩy chay này đạt được như thế nào?,"sức lôi cuốn và thành công rộng lớn, gia lực cho người Ấn chưa từng có từ xưa nay","Thêm vào việc tẩy chay các sản phẩm Anh, Gandhi cũng khuyến khích dân chúng tẩy chay các cơ quan giáo dục và pháp tòa Anh, từ chức không làm cho chính quyền, từ chối không đóng thuế và hủy bỏ những danh hiệu, huy chương Anh.",True,False,0,0.0909090909090909,,9.65901,0.519228,-9.65901,SPAN_TOO_LONG,sentence_fallback,True,7829.9896999960765
0004-0022-0001,"Trước hiện trạng Kuwait bị Mỹ xâm lược, Iraq đã thành lập tổ chức nào để phản đối việc này?",,. Họ tới Thành phố Kuwait một ngày trước khi các lực lượng,False,False,0,0.0,,8.736308,1.414142,-8.736307,UNANSWERABLE_FALSE_POSITIVE,neural_span,,7782.816499995533
0001-0056-0003,Các tòa nhà được thiết kế ở Paris phải theo luật gì để không phá hỏng cảnh quan?,"màu sắc, kiểu cửa sổ",,True,True,0,0.0,,,,,ANSWERABLE_PREDICTED_EMPTY,no_answer,False,8616.387800000666
0007-0015-0004,Nam Ossetia và vùng Bắc Ossetia bị chia cắt bởi gì?,bởi những dãy núi,Gruzia,True,False,0,0.0,,-1.3193079999999995,11.296653,1.319307,WRONG_SPAN,phrase_fallback,True,6374.506500003918
0011-0001-0004,Vai trò của thần học là gì?,"giúp các nhà thần học hiểu rõ hơn về truyền thống tôn giáo của chính mình, về các truyền thống tôn giáo khác, cũng như so sánh giữa các truyền thống tôn giáo khác nhau",người bênh vực cho quyền của người,True,False,0,0.04761904761904761,,2.225949,7.902049,-2.225949,SPAN_TOO_SHORT,neural_span,False,6104.450999999244
